sampleID,allphotos,famacha_score,calinch_pixel,calCM_pixel,errcalposition,errrearposition,errsideposition,calsidebodyarea,calsidebellyht,calsidelength,calsidewither,calsidedepth,reardepth,rearht,rearbellyht,rearwidth,sidebodyarea,sidebellyht,sidelength,sidewither,sidedepth,girth,ADAPTMapKGS,ADAPTMapLBS,tape,weight,chest,ht,len,crosschk
AF-1-hi,"[('2013_Validation_GEO_Allegany_R0012973.png', 'Rear'), ('2013_Validation_GEO_Allegany_R0012975.png', 'SIGN')]",missed,0.238920519,0.606858115,1,0.995321064,1,3808.641531,43.08692618,79.49841309,80.1052712,37.01834502,37.01834502,77.96287816,40.94453313,25.80066471,3808.641531,43.08692618,79.49841309,80.1052712,37.01834502,98.67586975,30.73926994,67.76854517,125,121,88,76,81,V-14-Allegheny-1
AF-1-lo,"[('2013_Validation_GEO_Allegany_R0012981.png', 'Rear'), ('2013_Validation_GEO_Allegany_R0012983.png', 'SIGN')]",missed,0.196078431,0.498039212,1,0.997949507,1,4781.674478,44.82352912,81.18039162,82.17647005,37.35294093,37.35294093,80.3797463,43.02680537,26.47803408,4781.674478,44.82352912,81.18039162,82.17647005,37.35294093,100.2654611,36.8864639,81.3207991,125,121,88,76,81,V-14-Allegheny-1
AF-2-hi,"[('2013_Validation_GEO_Allegany_R0012988.png', 'Rear'), ('2013_Validation_GEO_Allegany_R0012990.png', 'SIGN')]",missed,0.226648293,0.575686662,1,0.999255515,1,4211.147929,37.419633,77.71769931,77.14201265,39.72237965,39.72237965,74.3375962,34.61521655,27.23820319,4211.147929,37.419633,77.71769931,77.14201265,39.72237965,105.1814376,39.99977466,88.18448003,132,115,90,75,79,V-15-Allegheny-2
AF-2-lo,"[('2013_Validation_GEO_Allegany_R0012994.png', 'Rear'), ('2013_Validation_GEO_Allegany_R0012996.png', 'SIGN')]",missed,0.191482525,0.48636561,1,0.997587792,1,4702.669086,37.93651761,78.79122888,74.90030399,36.96378639,36.96378639,79.13373987,42.16995348,26.03083548,4702.669086,37.93651761,78.79122888,74.90030399,36.96378639,98.95172064,41.33445815,91.12695583,132,115,90,75,79,V-15-Allegheny-2
AF-3-hi,"[('2013_Validation_GEO_Allegany_R0013000.png', 'Rear'), ('2013_Validation_GEO_Allegany_R0013002.png', 'SIGN')]",missed,0.213463378,0.542196976,1,0.995532685,1,2562.422909,34.70060647,63.97924318,62.35265225,27.65204578,27.65204578,62.21710301,34.56505723,21.7266074,2562.422909,34.70060647,63.97924318,62.35265225,27.65204578,77.56380704,20.03056253,44.1598673,54,38,63,57,58,V-16-Allegheny-3
AF-3-lo,"[('2013_Validation_GEO_Allegany_R0013006.png', 'Rear'), ('2013_Validation_GEO_Allegany_R0013008.png', 'SIGN')]",missed,0.204958475,0.520594522,1,0.99915984,1,2330.18108,34.87983297,59.34777549,60.90955906,26.02972609,26.02972609,64.30873506,38.27900896,20.41547145,2330.18108,34.87983297,59.34777549,60.90955906,26.02972609,72.95594569,16.64461408,36.69512267,54,38,63,57,58,V-16-Allegheny-3
AF-4-hi,"[('2013_Validation_GEO_Allegany_R0013012.png', 'Rear'), ('2013_Validation_GEO_Allegany_R0013014.png', 'SIGN')]",missed,0.190485312,0.483832688,1,0.984955143,1,1651.320965,29.99762667,51.28626495,49.83476689,19.83714022,19.83714022,40.01630009,20.17915988,14.70684533,1651.320965,29.99762667,51.28626495,49.83476689,19.83714022,54.26156562,8.460830715,18.65295401,32,28,52,50,50,V-17-Allegheny-4
AF-4-lo,"[('2013_Validation_GEO_Allegany_R0013018.png', 'Rear'), ('2013_Validation_GEO_Allegany_R0013020.png', 'SIGN')]",missed,0.186262898,0.473107758,1,0.998612245,1,2024.901205,27.44024997,51.56874563,51.09563787,23.6553879,23.6553879,49.77487871,26.11949081,17.74154093,2024.901205,27.44024997,51.56874563,51.09563787,23.6553879,65.02614375,13.89530114,30.63392022,32,28,52,50,50,V-17-Allegheny-4
AF-5-hi,"[('2013_Validation_GEO_Allegany_R0013025.png', 'Rear'), ('2013_Validation_GEO_Allegany_R0013027.png', 'SIGN')]",missed,0.244866444,0.621960764,1,0.998183043,1,4062.025749,36.0737243,78.36705625,77.12313472,41.04941042,41.04941042,83.38161491,42.33220449,28.8628667,4062.025749,36.0737243,78.36705625,77.12313472,41.04941042,109.8179481,42.60502031,93.9280682,108,105,84,73,81,V-18-Allegheny-5
AF-5-lo,"[('2013_Validation_GEO_Allegany_R0013032.png', 'Rear'), ('2013_Validation_GEO_Allegany_R0013034.png', 'SIGN')]",missed,0.2,0.507999997,1,0.9968,1,4608.06797,35.05199977,78.23199948,73.15199952,38.09999975,38.09999975,77.85652123,39.75652148,25.95217374,4608.06797,35.05199977,78.23199948,73.15199952,38.09999975,100.6129188,44.07835297,97.17621336,108,105,84,73,81,V-18-Allegheny-5
AF-6-hi,"[('2013_Validation_GEO_Allegany_R0013038.png', 'Rear'), ('2013_Validation_GEO_Allegany_R0013040.png', 'SIGN')]",missed,0.269640741,0.684887477,1,0.987624489,1,2805.983992,41.77813608,76.02250991,73.96784748,32.1897114,32.1897114,70.23209761,38.0423862,21.06962928,2805.983992,41.77813608,76.02250991,73.96784748,32.1897114,83.65957671,21.29776883,46.95358126,87,79,77,72,74,V-19-Allegheny-6
AF-6-lo,"[('2013_Validation_GEO_Allegany_R0013044.png', 'Rear'), ('2013_Validation_GEO_Allegany_R0013046.png', 'SIGN')]",missed,0.226195184,0.574535763,1,0.995262568,1,3240.381706,45.38832531,76.41325654,76.41325654,31.02493123,31.02493123,68.36001795,37.33508673,23.13723685,3240.381706,45.38832531,76.41325654,76.41325654,31.02493123,85.07773466,22.74555936,50.14541561,87,79,77,72,74,V-19-Allegheny-6
AF-7-hi,"[('2013_Validation_GEO_Allegany_R0013051.png', 'Rear'), ('2013_Validation_GEO_Allegany_R0013053.png', 'SIGN')]",missed,0.211020896,0.535993072,1,0.998796491,1,1105.753708,25.72766747,38.05550814,45.55941115,19.83174368,19.83174368,46.96991923,27.13817556,18.2660797,1105.753708,25.72766747,38.05550814,45.55941115,19.83174368,59.84392102,6.595054474,14.53961815,22,16,46,42,42,V-20-Allegheny-7
AF-7-lo,"[('2013_Validation_GEO_Allegany_R0013057.png', 'Rear'), ('2013_Validation_GEO_Allegany_R0013059.png', 'SIGN')]",missed,0.243902439,0.619512191,1,0.989183927,1,1172.117065,27.25853641,45.22438995,47.70243871,20.4439023,20.4439023,50.32345183,29.87954952,17.82288919,1172.117065,27.25853641,45.22438995,47.70243871,20.4439023,60.10933551,6.698711208,14.76814231,22,16,46,42,42,V-20-Allegheny-7
AF-9-hi,"[('2013_Validation_GEO_Allegany_R0013080.png', 'Rear'), ('2013_Validation_GEO_Allegany_R0013082.png', 'SIGN')]",missed,0.166848359,0.42379483,1,0.991360504,1,3030.556829,39.41291918,66.5357883,63.99301932,24.58010014,24.58010014,54.01153583,29.43143569,18.4350751,3030.556829,39.41291918,66.5357883,63.99301932,24.58010014,67.56807926,18.17722802,40.07396078,81,72,74,63,64,V-22-Allegheny-9
AF-9-lo,"[('2013_Validation_GEO_Allegany_R0013086.png', 'Rear'), ('2013_Validation_GEO_Allegany_R0013089.png', 'SIGN')]",missed,0.120899526,0.307084794,1,1,1,4504.319758,35.6218361,62.33821317,63.87363714,28.25180104,28.25180104,56.50360209,28.25180104,22.11010516,4504.319758,35.6218361,62.33821317,63.87363714,28.25180104,79.10829728,34.68974157,76.47785138,81,72,74,63,64,V-22-Allegheny-9
AF-10-hi,"[('2013_Validation_GEO_Allegany_R0013093.png', 'Rear'), ('2013_Validation_GEO_Allegany_R0013095.png', 'SIGN')]",missed,0.25,0.634999996,1,0.994402985,1,4711.064969,34.28999977,89.53499941,76.83499949,42.54499972,42.54499972,81.01034193,38.46534221,36.13410935,4711.064969,34.28999977,89.53499941,76.83499949,42.54499972,123.5888555,47.74172165,105.2525654,160,156,97,73,85,V-23-Allegheny-10
AF-10-lo,"[('2013_Validation_GEO_Allegany_R0013100.png', 'Rear'), ('2013_Validation_GEO_Allegany_R0013102.png', 'SIGN')]",missed,0.197934742,0.502754241,1,0.994048887,1,5240.207451,38.71207653,84.46271243,78.42966154,39.71758501,39.71758501,75.50705722,35.78947221,28.80616056,5240.207451,38.71207653,84.46271243,78.42966154,39.71758501,107.6368478,45.59798952,100.5264412,160,156,97,73,85,V-23-Allegheny-10
AF-11-hi,"[('2013_Validation_GEO_Allegany_R0013106.png', 'Rear'), ('2013_Validation_GEO_Allegany_R0013109.png', 'SIGN')]",missed,0.394736842,1.002631572,1,0.910488006,1,3441.031556,35.09210503,93.24473623,82.21578893,47.1236839,47.1236839,85.33207625,38.20839235,31.84032696,3441.031556,35.09210503,93.24473623,82.21578893,47.1236839,124.0363782,37.06314203,81.71030801,170,157,100,69,85,V-24-Allegheny-11
AF-11-lo,"[('2013_Validation_GEO_Allegany_R0013118.png', 'Rear'), ('2013_Validation_GEO_Allegany_R0013114.png', 'SIGN')]",missed,0.284721566,0.723192773,1,0.956671423,1,4216.213866,34.7132531,92.56867493,76.65843393,41.94518083,41.94518083,85.30424416,43.35906333,32.99059166,4216.213866,34.7132531,92.56867493,76.65843393,41.94518083,117.7088362,41.45763861,91.39852248,170,157,100,69,85,V-24-Allegheny-11
AF-12-hi,"[('2013_Validation_GEO_Allegany_R0013121.png', 'SIGN'), ('2013_Validation_GEO_Allegany_R0013119.png', 'Rear')]",missed,0.263157895,0.668421048,1,0.988919668,1,2546.015773,38.09999975,64.83684168,71.52105216,33.42105241,33.42105241,62.80852953,29.38747712,30.5399272,2546.015773,38.09999975,64.83684168,71.52105216,33.42105241,100.4696718,23.31025995,51.39036832,76,67,72,61,65,V-25-Allegheny-12
AF-12-lo,"[('2013_Validation_GEO_Allegany_R0013126.png', 'Rear'), ('2013_Validation_GEO_Allegany_R0013128.png', 'SIGN')]",missed,0.227272727,0.577272723,1,0.995127086,1,2570.595438,35.79090885,61.76818141,66.3863632,30.59545434,30.59545434,65.41097136,34.81551701,26.37539168,2570.595438,35.79090885,61.76818141,66.3863632,30.59545434,89.48959566,22.39641374,49.37568065,76,67,72,61,65,V-25-Allegheny-12
AF-13-hi,"[('2013_Validation_GEO_Allegany_R0013132.png', 'Rear'), ('2013_Validation_GEO_Allegany_R0013134.png', 'SIGN')]",missed,0.237824711,0.604074762,1,1,1,2630.141513,41.68115857,76.11342,68.26044809,26.57928952,26.57928952,62.82377523,36.24448571,22.35076619,2630.141513,41.68115857,76.11342,68.26044809,26.57928952,76.85915178,17.78385998,39.20673199,85,84,76,63,67,V-26-Allegheny-13
AF-13-lo,"[('2013_Validation_GEO_Allegany_R0013138.png', 'Rear'), ('2013_Validation_GEO_Allegany_R0013140.png', 'SIGN')]",missed,0.217244206,0.551800281,1,0.995860084,1,3235.756845,37.52241908,72.28583676,68.97503507,31.45261599,31.45261599,76.21210798,44.75949199,31.45261599,3235.756845,37.52241908,72.28583676,68.97503507,31.45261599,98.81130734,29.382373,64.77709703,85,84,76,63,67,V-26-Allegheny-13
AF-14-hi,"[('2013_Validation_GEO_Allegany_R0013144.png', 'Rear'), ('2013_Validation_GEO_Allegany_R0013146.png', 'SIGN')]",missed,0.212531222,0.5398293,1,0.998542919,1,3785.283048,33.46941657,77.73541913,66.93883314,33.46941657,33.46941657,70.2857748,36.81635823,28.44900408,3785.283048,33.46941657,77.73541913,66.93883314,33.46941657,97.26122773,36.1932976,79.79262773,92,87,79,63,72,V-27-Allegheny-14
AF-14-lo,"[('2013_Validation_GEO_Allegany_R0013150.png', 'Rear'), ('2013_Validation_GEO_Allegany_R0013152.png', 'SIGN')]",missed,0.222222222,0.564444441,1,0.996258885,1,3978.768863,41.76888861,76.76444394,79.0222217,37.25333309,37.25333309,83.66732185,46.41398876,32.97836044,3978.768863,41.76888861,76.76444394,79.0222217,37.25333309,110.3196862,36.93209367,81.42139559,92,87,79,63,72,V-27-Allegheny-14
AF-15-hi,"[('2013_Validation_GEO_Allegany_R0013156.png', 'Rear'), ('2013_Validation_GEO_Allegany_R0013158.png', 'SIGN')]",missed,0.238095238,0.604761901,1,0.991049051,1,3492.499977,40.51904735,78.0142852,74.9904757,34.47142834,34.47142834,88.33303513,53.86160679,38.78035689,3492.499977,40.51904735,78.0142852,74.9904757,34.47142834,115.0636352,33.4855172,73.82298894,101,100,82,69,75,V-28-Allegheny-15
AF-15-lo,"[('2013_Validation_GEO_Allegany_R0013162.png', 'Rear'), ('2013_Validation_GEO_Allegany_R0013164.png', 'SIGN')]",missed,0.204733622,0.520023395,1,0.989704878,1,3585.041287,41.08184822,80.08360287,70.72318175,29.64133353,29.64133353,59.28266706,29.64133353,22.54411282,3585.041287,41.08184822,80.08360287,70.72318175,29.64133353,81.97270744,24.78306976,54.6373608,101,100,82,69,75,V-28-Allegheny-15
AF-16-hi,"[('2013_Validation_GEO_Allegany_R0013168.png', 'Rear'), ('2013_Validation_GEO_Allegany_R0013170.png', 'SIGN')]",missed,0.214274779,0.544257934,1,0.999165206,1,3126.761833,34.28824987,72.38630527,64.22243626,29.93418639,29.93418639,64.85740385,34.92321746,29.93418639,3126.761833,34.28824987,72.38630527,64.22243626,29.93418639,94.04102006,28.4373588,62.69369566,81,76,74,63,64,V-29-Allegheny-16
AF-16-lo,"[('2013_Validation_GEO_Allegany_R0013175.png', 'Rear'), ('2013_Validation_GEO_Allegany_R0013177.png', 'SIGN')]",missed,0.215889057,0.548358201,1,0.991206022,1,2830.076677,32.35313388,67.99641697,61.41611855,29.06298467,29.06298467,62.2778243,33.21483963,24.4498125,2830.076677,32.35313388,67.99641697,61.41611855,29.06298467,84.05770524,24.70949591,54.4751581,81,76,74,63,64,V-29-Allegheny-16
AF-17-hi,"[('2013_Validation_GEO_Allegany_R0013181.png', 'Rear'), ('2013_Validation_GEO_Allegany_R0013183.png', 'SIGN')]",missed,0.217311542,0.551971314,1,1,1,3193.15405,41.94981984,70.10035684,73.96415604,32.0143362,32.0143362,74.51612735,42.50179116,29.25447963,3193.15405,41.94981984,70.10035684,73.96415604,32.0143362,96.24083084,26.99654107,59.51723371,90,85,78,65,69,V-30-Allegheny-17
AF-17-lo,"[('2013_Validation_GEO_Allegany_R0013188.png', 'Rear'), ('2013_Validation_GEO_Allegany_R0013190.png', 'SIGN')]",missed,0.224492519,0.570210994,1,1,1,3128.177513,37.06371461,72.41679625,68.42531929,31.36160467,31.36160467,71.84658525,40.48498058,26.79991672,3128.177513,37.06371461,72.41679625,68.42531929,31.36160467,91.35990417,25.73716107,56.7407738,90,85,78,65,69,V-30-Allegheny-17
AF-18-hi,"[('2013_Validation_GEO_Allegany_R0013196.png', 'Rear'), ('2013_Validation_GEO_Allegany_R0013198.png', 'SIGN')]",missed,0.182200884,0.462790243,1,0.998155713,1,4213.242369,40.26275111,74.50922907,73.58364859,33.32089747,33.32089747,71.02612356,37.70522609,22.36007594,4213.242369,40.26275111,74.50922907,73.58364859,33.32089747,87.4634685,34.8424411,76.81449652,92,87,79,68,74,V-31-Allegheny-18
AF-18-lo,"[('2013_Validation_GEO_Allegany_R0013202.png', 'Rear'), ('2013_Validation_GEO_Allegany_R0013204.png', 'SIGN')]",missed,0.208333333,0.529166663,1,0.994739057,1,3977.21664,47.62499969,76.72916616,82.54999946,34.92499977,34.92499977,75.04155356,40.11655379,23.59797282,3977.21664,47.62499969,76.72916616,82.54999946,34.92499977,91.92767037,30.53113173,67.30967859,92,87,79,68,74,V-31-Allegheny-18
AF-19-hi,"[('2013_Validation_GEO_Allegany_R0013211.png', 'Rear'), ('2013_Validation_GEO_Allegany_R0013213.png', 'SIGN')]",missed,0.225812195,0.573562972,1,0.996955752,1,4677.979601,45.3114748,88.90226068,83.74019393,38.42871913,38.42871913,71.44494261,33.01622348,25.43872957,4677.979601,45.3114748,88.90226068,83.74019393,38.42871913,100.3227538,38.50646242,84.8922874,136,113,91,76,79,V-32-Allegheny-19
AF-19-lo,"[('2013_Validation_GEO_Allegany_R0013219.png', 'Rear'), ('2013_Validation_GEO_Allegany_R0013221.png', 'SIGN')]",missed,0.222222222,0.564444441,1,0.998568617,1,4893.733301,43.46222194,90.31111052,82.40888834,38.94666641,38.94666641,82.8302342,43.88356779,27.42722987,4893.733301,43.46222194,90.31111052,82.40888834,38.94666641,104.2598725,41.31000466,91.07304506,136,113,91,76,79,V-32-Allegheny-19
CA-1-lo,"[('2013_Validation_GEO_Carroll_R0013225.png', 'Rear'), ('2013_Validation_GEO_Carroll_R0013227.png', 'SIGN')]",missed,0.292440527,0.742798933,1,0.995723927,1,2193.485248,36.3971477,69.82309968,66.10910501,29.71195731,29.71195731,57.30163195,27.58967464,28.2971022,2193.485248,36.3971477,69.82309968,66.10910501,29.71195731,91.12041759,19.15408546,42.22756456,64,52,67,58,58,V-33-Carroll-1
CA-1-hi,"[('2013_Validation_GEO_Carroll_R0013233.png', 'Rear'), ('2013_Validation_GEO_Carroll_R0013235.png', 'SIGN')]",missed,0.227272727,0.577272723,1,0.990109021,1,2365.086348,36.36818158,64.0772723,63.49999958,27.131818,27.131818,62.98457751,35.8527595,20.3488635,2365.086348,36.36818158,64.0772723,63.49999958,27.131818,74.5824801,16.64581977,36.69778076,64,52,67,58,58,V-33-Carroll-1
CA-2-lo,"[('2013_Validation_GEO_Carroll_R0013239.png', 'Rear'), ('2013_Validation_GEO_Carroll_R0013242.png', 'SIGN')]",missed,0.274978022,0.698444171,1,0.983197131,1,1915.133916,44.00198274,67.74908454,69.14597288,25.14399014,25.14399014,57.71688646,32.57289632,20.57235557,1915.133916,44.00198274,67.74908454,69.14597288,25.14399014,71.81106791,11.24373409,24.78821074,62,55,66,60,59,V-34-Carroll-2
CA-2-hi,"[('2013_Validation_GEO_Carroll_R0013252.png', 'Rear'), ('2013_Validation_GEO_Carroll_R0013254.png', 'SIGN')]",missed,0.186051278,0.472570244,1,0.99267758,1,2759.810225,36.38790878,67.57754488,60.96156147,24.57365268,24.57365268,56.16834899,31.59469631,19.50289896,2759.810225,36.38790878,67.57754488,60.96156147,24.57365268,69.23528542,17.8085105,39.26107714,62,55,66,60,59,V-34-Carroll-2
CA-3-lo,"[('2013_Validation_GEO_Carroll_R0013260.png', 'Rear'), ('2013_Validation_GEO_Carroll_R0013262.png', 'SIGN')]",missed,0.198267174,0.503598619,1,0.985258798,1,3056.340017,37.26629779,69.49660939,65.46782044,28.20152265,28.20152265,72.51820111,44.31667845,35.45334276,3056.340017,37.26629779,69.49660939,65.46782044,28.20152265,99.98882878,29.03903057,64.02015593,57,53,64,61,59,V-35-Carroll-3
CA-3-hi,"[('2013_Validation_GEO_Carroll_R0013269.png', 'Rear'), ('2013_Validation_GEO_Carroll_R0013273.png', 'SIGN')]",missed,0.220876384,0.561026012,1,0.992034877,1,2568.938108,37.02771678,66.76209541,64.51799136,27.49027458,27.49027458,66.0731161,38.58284152,26.52570354,2568.938108,37.02771678,66.76209541,64.51799136,27.49027458,84.84810003,20.56862091,45.34608394,57,53,64,61,59,V-35-Carroll-3
CA-4-lo,"[('2013_Validation_GEO_Carroll_R0013277.png', 'Rear'), ('2013_Validation_GEO_Carroll_R0013279.png', 'SIGN')]",missed,0.277777778,0.705555551,1,0.993290392,1,2548.46665,37.3944442,70.55555509,69.84999954,32.45555534,32.45555534,62.31466626,29.85911091,24.01711095,2548.46665,37.3944442,70.55555509,69.84999954,32.45555534,88.70705678,20.25427039,44.65305912,62,0,66,61,65,V-36-Carroll-4
CA-4-hi,"[('2013_Validation_GEO_Carroll_R0013284.png', 'Rear'), ('2013_Validation_GEO_Carroll_R0013286.png', 'SIGN')]",missed,0.263157895,0.668421048,1,0.974406841,1,2680.368403,36.0947366,74.19473635,66.84210482,30.74736822,30.74736822,63.44695029,32.69958207,20.98629894,2680.368403,36.0947366,74.19473635,66.84210482,30.74736822,81.26305435,20.76544912,45.78001622,62,0,66,61,65,V-36-Carroll-4
CA-5-lo,"[('2013_Validation_GEO_Carroll_R0013290.png', 'Rear'), ('2013_Validation_GEO_Carroll_R0013292.png', 'SIGN')]",missed,0.256198078,0.650743114,1,1,1,4314.426847,37.09235751,87.1995773,78.0891737,40.99681619,40.99681619,80.04140305,39.04458685,34.48938505,4314.426847,37.09235751,87.1995773,78.0891737,40.99681619,118.5734476,39.71143305,87.54879507,132,0,90,69,71,V-37-Carroll-5
CA-5-hi,"[('2013_Validation_GEO_Carroll_R0013296.png', 'Rear'), ('2013_Validation_GEO_Carroll_R0013298.png', 'SIGN')]",missed,0.23255814,0.590697671,1,0.980169461,1,4035.646485,37.80465091,85.65116223,73.24651114,35.44186023,35.44186023,63.53601773,28.0941575,24.63641504,4035.646485,37.80465091,85.65116223,73.24651114,35.44186023,94.37073411,33.70881921,74.315286,132,0,90,69,71,V-37-Carroll-5
CA-6-lo,"[('2013_Validation_GEO_Carroll_R0013302.png', 'Rear'), ('2013_Validation_GEO_Carroll_R0013305.png', 'SIGN')]",missed,0.250618506,0.636571001,1,0.994654499,1,2584.478264,35.01140506,70.02281012,64.93024211,29.91883705,29.91883705,61.01096183,31.09212478,28.74554932,2584.478264,35.01140506,70.02281012,64.93024211,29.91883705,92.14980263,23.46615232,51.73405245,67,65,68,56,63,V-38-Carroll-6
CA-6-hi,"[('2013_Validation_GEO_Carroll_R0013313.png', 'Rear'), ('2013_Validation_GEO_Carroll_R0013315.png', 'SIGN')]",missed,0.240616786,0.611166633,1,0.997773214,1,2720.302682,34.83649806,66.61716297,66.61716297,31.7806649,31.7806649,65.4681697,33.68750479,26.69575852,2720.302682,34.83649806,66.61716297,66.61716297,31.7806649,91.85455111,24.51969189,54.05671152,67,65,68,56,63,V-38-Carroll-6
CA-7-lo,"[('2013_Validation_GEO_Carroll_R0013320.png', 'Rear'), ('2013_Validation_GEO_Carroll_R0013322.png', 'SIGN')]",missed,0.255081259,0.647906394,1,0.98644449,1,2857.267197,37.57857084,75.80504807,68.67807774,31.0995069,31.0995069,77.74876726,46.64926035,36.00995536,2857.267197,37.57857084,75.80504807,68.67807774,31.0995069,105.4152968,27.37488504,60.35134005,83,78,75,62,67,V-39-Carroll-7
CA-7-hi,"[('2013_Validation_GEO_Carroll_R0013327.png', 'Rear'), ('2013_Validation_GEO_Carroll_R0013329.png', 'SIGN')]",missed,0.227272727,0.577272723,1,1,1,3341.254523,42.14090881,77.35454494,73.8909086,31.74999979,31.74999979,73.31363588,41.56363609,31.74999979,3341.254523,42.14090881,77.35454494,73.8909086,31.74999979,99.74556609,28.80175414,63.49705052,83,78,75,62,67,V-39-Carroll-7
CA-8-lo,"[('2013_Validation_GEO_Carroll_R0013333.png', 'Rear'), ('2013_Validation_GEO_Carroll_R0013335.png', 'SIGN')]",missed,0.27027027,0.686486482,1,0.998412043,1,2603.843226,33.63783762,72.08108061,65.21621579,31.57837817,31.57837817,72.56308175,40.98470358,27.54709585,2603.843226,33.63783762,72.08108061,65.21621579,31.57837817,92.87407741,23.11855838,50.96773837,74,65,71,61,65,V-40-Carroll-8
CA-8-hi,"[('2013_Validation_GEO_Carroll_R0013342.png', 'Rear'), ('2013_Validation_GEO_Carroll_R0013344.png', 'SIGN')]",missed,0.234710182,0.596163858,1,0.988982226,1,2738.776766,35.17366765,69.75117143,64.98186057,29.80819292,29.80819292,58.1259762,28.31778327,20.36893183,2738.776766,35.17366765,69.75117143,64.98186057,29.80819292,78.81804325,20.83866211,45.94142338,74,65,71,61,65,V-40-Carroll-8
CA-9-lo,"[('2013_Validation_GEO_Carroll_R0013349.png', 'Rear'), ('2013_Validation_GEO_Carroll_R0013351.png', 'SIGN')]",missed,0.254101953,0.645418956,1,0.98972785,1,2297.046063,35.49804256,66.47815243,63.89647661,28.39843405,28.39843405,54.56953993,26.17110589,20.04595345,2297.046063,35.49804256,66.47815243,63.89647661,28.39843405,76.09626593,16.88278959,37.2202102,62,52,66,58,55,V-41-Carroll-9
CA-9-hi,"[('2013_Validation_GEO_Carroll_R0013356.png', 'Rear'), ('2013_Validation_GEO_Carroll_R0013358.png', 'SIGN')]",missed,0.212765957,0.540425528,1,0.988460753,1,2640.519132,33.50638276,65.93191446,61.0680847,27.56170195,27.56170195,55.12340389,27.56170195,17.65671531,2640.519132,33.50638276,65.93191446,61.0680847,27.56170195,71.02892373,18.98665382,41.85844066,62,52,66,58,55,V-41-Carroll-9
MDGA-1-hi,"[('2013_Validation_GEO_MDGA_R0012768.png', 'Rear'), ('2013_Validation_GEO_MDGA_R0012775.png', 'SIGN')]",missed,0.304787382,0.774159944,1,0.974453779,1,2091.00601,23.22479833,66.57775521,54.1911961,30.96639777,30.96639777,57.07532139,26.10892361,27.32329215,2091.00601,23.22479833,66.57775521,54.1911961,30.96639777,91.56123082,22.7544105,50.16492906,84,62,75.5,51,59,V-01-MDGA.Yth-1
MDGA-1-lo,"[('2013_Validation_GEO_MDGA_R0012784.png', 'Rear'), ('2013_Validation_GEO_MDGA_R0012786.png', 'SIGN')]",missed,0.257575613,0.654242053,1,0.995261057,1,2049.740352,26.16968213,62.15299505,53.64784836,27.47816623,27.47816623,58.00946204,30.53129581,29.31004398,2049.740352,26.16968213,62.15299505,53.64784836,27.47816623,89.20271201,21.08024136,46.47401489,84,62,75.5,51,59,V-01-MDGA.Yth-1
MDGA-2-hi,"[('2013_Validation_GEO_MDGA_R0012793.png', 'Rear'), ('2013_Validation_GEO_MDGA_R0012795.png', 'SIGN')]",missed,0.269290927,0.683998951,1,0.995604994,1,1417.929825,24.62396223,54.71991608,47.19592762,22.57196538,22.57196538,46.43375736,23.86179198,18.05757231,1417.929825,24.62396223,54.71991608,47.19592762,22.57196538,63.82072856,9.56413384,21.08532302,36,26,55,43,43,V-02-MDGA.Yth-2
MDGA-2-lo,"[('2013_Validation_GEO_MDGA_R0012799.png', 'Rear'), ('2013_Validation_GEO_MDGA_R0012803.png', 'SIGN')]",missed,0.286913093,0.72875925,1,0.978209644,1,1362.051039,25.50657376,51.01314751,50.28438826,24.77781451,24.77781451,46.09825955,21.32044504,15.5581626,1362.051039,25.50657376,51.01314751,50.28438826,24.77781451,63.35960467,9.110070409,20.08428369,36,26,55,43,43,V-02-MDGA.Yth-2
MDGA-3-hi,"[('2013_Validation_GEO_MDGA_R0012807.png', 'Rear'), ('2013_Validation_GEO_MDGA_R0012809.png', 'SIGN')]",missed,0.23886314,0.606712372,1,0.993660489,1,1457.929831,23.66178253,51.57055166,45.50342793,21.84164541,21.84164541,42.59120855,20.74956314,19.11143973,1457.929831,23.66178253,51.57055166,45.50342793,21.84164541,64.32895571,10.2648446,22.63012707,38,27,56,46,46,V-03-MDGA.Yth-3
MDGA-3-lo,"[('2013_Validation_GEO_MDGA_R0012814.png', 'Rear'), ('2013_Validation_GEO_MDGA_R0012816.png', 'SIGN')]",missed,0.227634806,0.578192404,1,0.997272758,1,1432.182584,23.70588856,47.98996952,45.67719991,21.97131135,21.97131135,43.9426227,21.97131135,15.92920073,1432.182584,23.70588856,47.98996952,45.67719991,21.97131135,59.53398515,8.92279799,19.67141835,38,27,56,46,46,V-03-MDGA.Yth-3
MDGA-4-hi,"[('2013_Validation_GEO_MDGA_R0012824.png', 'Rear'), ('2013_Validation_GEO_MDGA_R0012827.png', 'SIGN')]",missed,0.303659895,0.771296128,1,0.99687426,1,4002.255609,41.64999092,86.38516636,87.15646248,45.50647156,45.50647156,88.77491993,43.26844837,28.34829376,4002.255609,41.64999092,86.38516636,87.15646248,45.50647156,116.0107941,37.22828972,82.07439665,130,119,90,77,79,V-04-MDGA.Yth-4
MDGA-4-lo,"[('2013_Validation_GEO_MDGA_R0012831.png', 'Rear'), ('2013_Validation_GEO_MDGA_R0012833.png', 'SIGN')]",missed,0.272724965,0.692721407,1,0.997478681,1,3851.53102,45.02689143,83.12656879,85.89745441,40.87056299,40.87056299,83.75115366,42.88059067,25.46035071,3851.53102,45.02689143,83.12656879,85.89745441,40.87056299,104.1923556,32.40887625,71.44940001,130,119,90,77,79,V-04-MDGA.Yth-4
MDGA-5-hi,"[('2013_Validation_GEO_MDGA_R0012838.png', 'Rear'), ('2013_Validation_GEO_MDGA_R0012840.png', 'SIGN')]",missed,0.286922765,0.728783818,1,0.990852814,1,2523.77836,38.62554233,71.42081413,71.42081413,32.79527179,32.79527179,68.21416533,35.41889354,23.61259569,2523.77836,38.62554233,71.42081413,71.42081413,32.79527179,88.60527104,20.57382491,45.3575568,98,76,81,66,62,V-05-MDGA.Yth-5
MDGA-5-lo,"[('2013_Validation_GEO_MDGA_R0012846.png', 'Rear'), ('2013_Validation_GEO_MDGA_R0012848.png', 'SIGN')]",missed,0.222835391,0.56600189,1,0.999113293,1,3036.600141,39.05413042,69.0522306,70.75023627,31.69610585,31.69610585,71.17722015,39.4811143,21.13073723,3036.600141,39.05413042,69.0522306,70.75023627,31.69610585,82.98021107,23.41150024,51.61356515,98,76,81,66,62,V-05-MDGA.Yth-5
MDGA-6-hi,"[('2013_Validation_GEO_MDGA_R0012856.png', 'Rear'), ('2013_Validation_GEO_MDGA_R0012858.png', 'SIGN')]",missed,0.293611686,0.745773676,1,0.977313731,1,1757.788556,28.33939971,58.91612044,56.67879941,28.33939971,28.33939971,47.82273701,19.4833373,20.07374146,1757.788556,28.33939971,58.91612044,56.67879941,28.33939971,76.04718431,14.08563351,31.05353161,57,45,64,51,58,V-06-MDGA.Yth-6
MDGA-6-lo,"[('2013_Validation_GEO_MDGA_R0012862.png', 'Rear'), ('2013_Validation_GEO_MDGA_R0012864.png', 'SIGN')]",missed,0.256885074,0.652488085,1,0.995500686,1,2096.444216,25.44703531,60.68139188,54.15651104,28.70947573,28.70947573,53.75391201,25.04443628,25.65527618,2096.444216,25.44703531,60.68139188,54.15651104,28.70947573,85.39595262,20.63988337,45.5031909,57,45,64,51,58,V-06-MDGA.Yth-6
MDGA-7-hi,"[('2013_Validation_GEO_MDGA_R0012869.png', 'Rear'), ('2013_Validation_GEO_MDGA_R0012873.png', 'SIGN')]",missed,0.243902439,0.619512191,1,0.996034107,1,2035.71706,23.54146326,57.61463377,51.41951186,27.8780486,27.8780486,55.75609719,27.8780486,27.21428553,2035.71706,23.54146326,57.61463377,51.41951186,27.8780486,86.53883609,20.53824689,45.27912065,59,43,65,51,54,V-07-MDGA.Yth-7
MDGA-7-lo,"[('2013_Validation_GEO_MDGA_R0012877.png', 'Rear'), ('2013_Validation_GEO_MDGA_R0012879.png', 'SIGN')]",missed,0.227272727,0.577272723,1,0.996026701,1,2451.677257,27.131818,60.03636324,57.14999962,30.01818162,30.01818162,60.66174202,30.6435604,23.76439378,2451.677257,27.131818,60.03636324,57.14999962,30.01818162,84.48147189,23.53676381,51.88972427,59,43,65,51,54,V-07-MDGA.Yth-7
MDGA-8-hi,"[('2013_Validation_GEO_MDGA_R0012883.png', 'Rear'), ('2013_Validation_GEO_MDGA_R0012885.png', 'SIGN')]",missed,0.268427485,0.681805807,1,0.988315679,1,1643.8338,25.22681485,56.58988197,50.45362971,25.22681485,25.22681485,46.93360903,21.70679418,18.1867735,1643.8338,25.22681485,56.58988197,50.45362971,25.22681485,68.19390512,11.86886261,26.16638436,50,34,61,47,50,V-08-MDGA.Yth-8
MDGA-8-lo,"[('2013_Validation_GEO_MDGA_R0012890.png', 'Rear'), ('2013_Validation_GEO_MDGA_R0012892.png', 'SIGN')]",missed,0.256410256,0.651282047,1,0.993738455,1,1911.512808,26.05128188,57.96410218,53.40512785,27.35384597,27.35384597,56.14736805,28.79352208,18.71578935,1911.512808,26.05128188,57.96410218,53.40512785,27.35384597,72.36601394,15.69157175,34.59402227,50,34,61,47,50,V-08-MDGA.Yth-8
MDGA-9-hi,"[('2013_Validation_GEO_MDGA_R0012899.png', 'Rear'), ('2013_Validation_GEO_MDGA_R0012901.png', 'SIGN')]",missed,0.277777778,0.705555551,1,0.988977072,1,899.5833274,24.69444428,40.92222195,44.44999971,19.75555543,19.75555543,44.44999971,24.69444428,14.19930546,899.5833274,24.69444428,40.92222195,44.44999971,19.75555543,53.33617076,4.372354546,9.639399606,24,16,47,42,35,V-09-MDGA.Yth-9
MDGA-9-lo,"[('2013_Validation_GEO_MDGA_R0012905.png', 'Rear'), ('2013_Validation_GEO_MDGA_R0012907.png', 'SIGN')]",missed,0.277777778,0.705555551,1,0.987554759,1,1099.255548,27.51666649,45.15555526,49.38888856,21.87222208,21.87222208,44.35200588,22.4797838,15.79660483,1099.255548,27.51666649,45.15555526,49.38888856,21.87222208,59.17005495,6.26707031,13.81653625,24,16,47,42,35,V-09-MDGA.Yth-9
MDGA-10-hi,"[('2013_Validation_GEO_MDGA_R0012911.png', 'Rear'), ('2013_Validation_GEO_MDGA_R0012913.png', 'SIGN')]",missed,0.243902439,0.619512191,1,0.993593557,1,4490.843873,43.36585337,87.97073113,83.63414579,40.26829242,40.26829242,91.64507929,51.37678688,28.46551705,4490.843873,43.36585337,87.97073113,83.63414579,40.26829242,107.9668154,39.07476628,86.14518395,120,111,87,76,79,V-10-MDGA.Yth-10
MDGA-10-lo,"[('2013_Validation_GEO_MDGA_R0012919.png', 'Rear'), ('2013_Validation_GEO_MDGA_R0012921.png', 'SIGN')]",missed,0.23255814,0.590697671,1,0.996619794,1,4097.079043,38.39534858,81.51627853,76.1999995,37.80465091,37.80465091,78.38905557,40.58440466,26.68563594,4097.079043,38.39534858,81.51627853,76.1999995,37.80465091,101.3011057,36.72090157,80.95579634,120,111,87,76,79,V-10-MDGA.Yth-10
MDGA-11-hi,"[('2013_Validation_GEO_MDGA_R0012926.png', 'Rear'), ('2013_Validation_GEO_MDGA_R0012929.png', 'SIGN')]",missed,0.265829594,0.675207165,1,0.994457618,1,3272.053923,42.53805142,81.70006701,76.97361685,34.43556543,34.43556543,80.14095228,45.70538685,23.16574402,3272.053923,42.53805142,81.70006701,76.97361685,34.43556543,90.4799253,26.06977798,57.47406917,98,83,81,73,81,V-11-MDGA.Yth-11
MDGA-11-lo,"[('2013_Validation_GEO_MDGA_R0012934.png', 'Rear'), ('2013_Validation_GEO_MDGA_R0012936.png', 'SIGN')]",missed,0.240152228,0.609986655,1,0.992659788,1,3425.075066,43.91903914,79.29826511,77.46830515,33.54926601,33.54926601,83.87316502,50.32389901,25.16194951,3425.075066,43.91903914,79.29826511,77.46830515,33.54926601,92.22336167,26.87543022,59.25022977,98,83,81,73,81,V-11-MDGA.Yth-11
MDGA-12-hi,"[('2013_Validation_GEO_MDGA_R0012942.png', 'Rear'), ('2013_Validation_GEO_MDGA_R0012945.png', 'SIGN')]",missed,0.220392012,0.559795706,1,0.997142786,1,4275.159806,39.74549512,80.05078595,77.81160312,38.066108,38.066108,82.67482832,44.60872032,30.33392982,4275.159806,39.74549512,80.05078595,77.81160312,38.066108,107.4425282,38.35050558,84.54846113,116,114,86,76,80,V-12-MDGA.Yth-12
MDGA-12-lo,"[('2013_Validation_GEO_MDGA_R0012950.png', 'Rear'), ('2013_Validation_GEO_MDGA_R0012952.png', 'SIGN')]",missed,0.211577574,0.537407033,1,0.999300546,1,3835.473996,37.61849232,76.31179871,72.01254244,34.39405012,34.39405012,79.90002413,45.50597401,28.57351856,3835.473996,37.61849232,76.31179871,72.01254244,34.39405012,98.9092256,34.26401183,75.53927721,116,114,86,76,80,V-12-MDGA.Yth-12
MDGA-13-hi,"[('2013_Validation_GEO_MDGA_R0012957.png', 'Rear'), ('2013_Validation_GEO_MDGA_R0012959.png', 'SIGN')]",missed,0.239921444,0.609400464,1,0.991905302,1,4257.271643,39.00162971,84.70666452,78.00325942,39.00162971,39.00162971,67.85215031,28.85052061,30.45332731,4257.271643,39.00162971,84.70666452,78.00325942,39.00162971,109.0995914,38.16613137,84.14198525,144,144,93,75,82,V-13-MDGA.Yth-13
MDGA-13-lo,"[('2013_Validation_GEO_MDGA_R0012965.png', 'Rear'), ('2013_Validation_GEO_MDGA_R0012967.png', 'SIGN')]",missed,0.243902439,0.619512191,1,0.98467723,1,4495.79997,41.5073168,86.73170674,82.39512141,40.88780461,40.88780461,74.87887109,33.99106648,30.54269742,4495.79997,41.5073168,86.73170674,82.39512141,40.88780461,112.2027702,42.62956901,93.98218885,144,144,93,75,82,V-13-MDGA.Yth-13
MO-2-hi,"[('2013_Validation_GEO_Montgomery__R0013379.png', 'Rear'), ('2013_Validation_GEO_Montgomery__R0013381.png', 'SIGN')]",missed,0.25,0.634999996,1,0.996376812,1,5264.784965,34.92499977,97.15499936,78.73999948,43.81499971,43.81499971,82.82835562,39.01335591,40.21376686,5264.784965,34.92499977,97.15499936,78.73999948,43.81499971,131.9920779,51.43803884,113.4015565,172,183,103,70,93,V-43-Montgomery-2
MO-2-lo,"[('2013_Validation_GEO_Montgomery__R0013385.png', 'Rear'), ('2013_Validation_GEO_Montgomery__R0013387.png', 'SIGN')]",missed,0.222435315,0.564985696,1,0.996041802,1,5491.095976,37.28905592,93.22263979,79.66298309,42.37392718,42.37392718,90.27488833,47.90096116,41.1456974,5491.095976,37.28905592,93.22263979,79.66298309,42.37392718,131.1923195,53.66984728,118.3218559,172,183,103,70,93,V-43-Montgomery-2
MO-3-hi,"[('2013_Validation_GEO_Montgomery__R0013391.png', 'Rear'), ('2013_Validation_GEO_Montgomery__R0013393.png', 'SIGN')]",missed,0.191912913,0.487458796,1,0.99950229,1,4730.787612,33.14719811,81.40561888,69.21914899,36.07195088,36.07195088,71.64976545,35.57781457,30.14231512,4730.787612,33.14719811,81.40561888,69.21914899,36.07195088,104.0091258,44.97716042,99.15774621,163,149,98,68,82,V-44-Montgomery-3
MO-3-lo,"[('2013_Validation_GEO_Montgomery__R0013398.png', 'Rear'), ('2013_Validation_GEO_Montgomery__R0013400.png', 'SIGN')]",missed,0.204601584,0.519688021,1,0.986879135,1,4457.364156,31.70096928,84.70914742,66.52006669,34.81909741,34.81909741,58.16371953,23.34462212,26.50999462,4457.364156,31.70096928,84.70914742,66.52006669,34.81909741,96.33551247,40.7091163,89.74831192,163,149,98,68,82,V-44-Montgomery-3
MO-4-hi,"[('2013_Validation_GEO_Montgomery__R0013405.png', 'Rear'), ('2013_Validation_GEO_Montgomery__R0013407.png', 'SIGN')]",missed,0.196965675,0.500292811,1,0.995619865,1,3654.138691,33.01932552,75.04392164,64.0374798,31.01815428,31.01815428,69.67846251,38.66030823,27.871385,3654.138691,33.01932552,75.04392164,64.0374798,31.01815428,92.50347199,32.64168734,71.96266104,95,87,80,61,68,V-45-Montgomery-4
MO-4-lo,"[('2013_Validation_GEO_Montgomery__R0013412.png', 'Rear'), ('2013_Validation_GEO_Montgomery__R0013414.png', 'SIGN')]",missed,0.227895361,0.578854213,1,1,1,3567.478515,35.310107,76.98761034,69.46250557,34.15239857,34.15239857,67.14708872,32.99469015,25.46958538,3567.478515,35.310107,76.98761034,69.46250557,34.15239857,93.65399338,31.73371651,69.96092635,95,87,80,61,68,V-45-Montgomery-4
MO-5-hi,"[('2013_Validation_GEO_Montgomery__R0013418.png', 'Rear'), ('2013_Validation_GEO_Montgomery__R0013420.png', 'SIGN')]",missed,0.238384654,0.605497018,1,0.980752063,1,4186.406384,35.72432408,85.98057659,73.26513921,37.54081513,37.54081513,79.60462004,42.06380491,38.44541309,4186.406384,35.72432408,85.98057659,73.26513921,37.54081513,119.3588882,43.14125758,95.11026998,180,148,102,70,74,V-46-Montgomery-5
MO-5-lo,"[('2013_Validation_GEO_Montgomery__R0013425.png', 'Rear'), ('2013_Validation_GEO_Montgomery__R0013427.png', 'SIGN')]",missed,0.238095238,0.604761901,1,0.98262746,1,4181.323782,40.51904735,85.87618991,78.0142852,37.49523785,37.49523785,74.9904757,37.49523785,36.10652533,4181.323782,40.51904735,85.87618991,78.0142852,37.49523785,115.6133793,38.47585482,84.82480911,180,148,102,70,74,V-46-Montgomery-5
MO-6-hi,"[('2013_Validation_GEO_Montgomery__R0013431.png', 'Rear'), ('2013_Validation_GEO_Montgomery__R0013433.png', 'SIGN')]",missed,0.217391304,0.552173909,1,0.997749572,1,4070.62606,35.3391302,82.2739125,70.12608649,34.78695629,34.78695629,69.04683749,34.2598812,31.62450572,4070.62606,35.3391302,82.2739125,70.12608649,34.78695629,104.3188806,38.92941822,85.82474607,164,133,98,62,71,V-47-Montgomery-6
MO-6-lo,"[('2013_Validation_GEO_Montgomery__R0013441.png', 'Rear'), ('2013_Validation_GEO_Montgomery__R0013443.png', 'SIGN')]",missed,0.214948367,0.545968849,1,0.997834244,1,4061.462271,33.30409982,80.80338972,68.24610618,34.94200636,34.94200636,65.19031038,30.24830402,28.68373657,4061.462271,33.30409982,80.80338972,68.24610618,34.94200636,99.94308329,39.00201863,85.98480271,164,133,98,62,71,V-47-Montgomery-6
MO-7-hi,"[('2013_Validation_GEO_Montgomery__R0013447.png', 'Rear'), ('2013_Validation_GEO_Montgomery__R0013449.png', 'SIGN')]",missed,0.238095238,0.604761901,1,0.990856558,1,3975.099974,29.02857124,81.6428566,66.52380908,37.49523785,37.49523785,80.19814762,42.70290977,34.89140189,3975.099974,29.02857124,81.6428566,66.52380908,37.49523785,113.7046678,44.51230086,98.13290548,175,146,101,70,77,V-48-Montgomery-7
MO-7-lo,"[('2013_Validation_GEO_Montgomery__R0013453.png', 'Rear'), ('2013_Validation_GEO_Montgomery__R0013455.png', 'SIGN')]",missed,0.18837815,0.478480497,1,0.999526849,1,4847.485912,32.53667377,82.29864542,68.42271102,35.88603725,35.88603725,70.3555204,34.46948315,33.99729845,4847.485912,32.53667377,82.29864542,68.42271102,35.88603725,109.772487,48.81871669,107.626935,175,146,101,70,77,V-48-Montgomery-7
MO-8-hi,"[('2013_Validation_GEO_Montgomery__R0013459.png', 'Rear'), ('2013_Validation_GEO_Montgomery__R0013461.png', 'SIGN')]",missed,0.217391304,0.552173909,1,0.991898461,1,4948.030402,36.99565193,90.00434723,75.64782559,38.65217366,38.65217366,74.94750746,36.2953338,31.11028611,4948.030402,36.99565193,90.00434723,75.64782559,38.65217366,109.5826156,44.60607913,98.33965134,156,157,96,72,84,V-49-Montgomery-8
MO-8-lo,"[('2013_Validation_GEO_Montgomery__R0013466.png', 'Rear'), ('2013_Validation_GEO_Montgomery__R0013469.png', 'SIGN')]",missed,0.226119461,0.574343428,1,0.988379543,1,4525.251871,33.88626227,87.30020109,71.79292853,37.90666626,37.90666626,69.72954659,31.82288032,30.41892972,4525.251871,33.88626227,87.30020109,71.79292853,37.90666626,107.3255952,43.78186227,96.52256272,156,157,96,72,84,V-49-Montgomery-8
MO-9-hi,"[('2013_Validation_GEO_Montgomery__R0013473.png', 'Rear'), ('2013_Validation_GEO_Montgomery__R0013475.png', 'SIGN')]",missed,0.196078431,0.498039212,1,0.99079444,1,5054.101927,39.84313699,90.64313666,75.20392107,35.36078408,35.36078408,61.47954505,26.11876097,27.32424224,5054.101927,39.84313699,90.64313666,75.20392107,35.36078408,98.4654091,40.34959221,88.95569634,160,156,97,76,86,V-50-Montgomery-9
MO-9-lo,"[('2013_Validation_GEO_Montgomery__R0013482.png', 'Rear'), ('2013_Validation_GEO_Montgomery__R0013484.png', 'SIGN')]",missed,0.238095238,0.604761901,1,0.992814027,1,5260.823775,35.68095215,94.34285652,78.6190471,42.93809495,42.93809495,77.28857092,34.35047596,26.83630935,5260.823775,35.68095215,94.34285652,78.6190471,42.93809495,109.601378,49.48523451,109.0963564,160,156,97,76,86,V-50-Montgomery-9
MO-10-hi,"[('2013_Validation_GEO_Montgomery__R0013488.png', 'Rear'), ('2013_Validation_GEO_Montgomery__R0013491.png', 'SIGN')]",missed,0.186644532,0.474077109,1,0.998116963,1,4876.831218,32.71132051,83.91164825,67.79302656,35.08170605,35.08170605,62.06763378,26.98592773,26.08639681,4876.831218,32.71132051,83.91164825,67.79302656,35.08170605,96.08263128,45.04194088,99.30056279,147,143,94,71,81,V-51-Montgomery-10
MO-10-lo,"[('2013_Validation_GEO_Montgomery__R0013495.png', 'Rear'), ('2013_Validation_GEO_Montgomery__R0013497.png', 'SIGN')]",missed,0.198706178,0.504713689,1,0.993063596,1,5132.938222,34.82524458,88.32489566,72.1740576,37.34881302,37.34881302,70.83395573,33.48514271,27.04569219,5132.938222,34.82524458,88.32489566,72.1740576,37.34881302,101.1506523,47.02444779,103.6712459,147,143,94,71,81,V-51-Montgomery-10
MO-11-hi,"[('2013_Validation_GEO_Montgomery__R0013501.png', 'Rear'), ('2013_Validation_GEO_Montgomery__R0013503.png', 'SIGN')]",missed,0.195554825,0.496709252,1,0.991382154,1,4182.2919,32.78281062,75.00309702,68.04916749,35.26635688,35.26635688,62.02014485,26.75378797,25.5377067,4182.2919,32.78281062,75.00309702,68.04916749,35.26635688,95.51079972,39.27028912,86.57623837,133,130,90,71,74,V-52-Montgomery-11
MO-11-lo,"[('2013_Validation_GEO_Montgomery__R0013510.png', 'Rear'), ('2013_Validation_GEO_Montgomery__R0013512.png', 'SIGN')]",missed,0.175181022,0.444959794,1,0.995726933,1,5079.661005,34.70686391,81.87260204,69.85868761,35.1518237,35.1518237,70.69422323,35.54239952,24.60627659,5079.661005,34.70686391,81.87260204,69.85868761,35.1518237,93.86780444,45.09107355,99.40888187,133,130,90,71,74,V-52-Montgomery-11
MO-12-hi,"[('2013_Validation_GEO_Montgomery__R0013516.png', 'Rear'), ('2013_Validation_GEO_Montgomery__R0013519.png', 'SIGN')]",missed,0.250138073,0.635350701,1,0.975558963,1,4470.962883,32.40288575,88.94909813,73.06533061,40.66244486,40.66244486,70.81661745,30.15417259,37.00739364,4470.962883,32.40288575,88.94909813,73.06533061,40.66244486,122.003497,48.20107043,106.265257,exceededtape,180,108,71,81,V-53-Montgomery-12
MO-12-lo,"[('2013_Validation_GEO_Montgomery__R0013524.png', 'Rear'), ('2013_Validation_GEO_Montgomery__R0013526.png', 'SIGN')]",missed,0.285714286,0.725714281,1,0.982312925,1,4548.051399,37.73714261,96.51999936,81.27999946,43.54285686,43.54285686,77.54207385,33.999217,41.75342438,4548.051399,37.73714261,96.51999936,81.27999946,43.54285686,133.9830853,45.40447785,100.0998207,exceededtape,180,108,71,81,V-53-Montgomery-12
MO-13-hi,"[('2013_Validation_GEO_Montgomery__R0013530.png', 'Rear'), ('2013_Validation_GEO_Montgomery__R0013532.png', 'SIGN')]",missed,0.228095322,0.579362113,1,0.968331102,1,4897.927307,32.44427835,90.38048969,72.42026418,39.97598583,39.97598583,63.3853469,23.40936107,30.25209738,4897.927307,32.44427835,90.38048969,72.42026418,39.97598583,110.3140151,48.79776803,107.5807511,179,167,102,69,82,V-54-Montgomery-13
MO-13-lo,"[('2013_Validation_GEO_Montgomery__R0013536.png', 'Rear'), ('2013_Validation_GEO_Montgomery__R0013538.png', 'SIGN')]",missed,0.25379115,0.644629516,1,0.968770935,1,4644.55566,31.58684626,89.60350267,74.13239429,42.54554803,42.54554803,70.76453397,28.21898594,36.90175084,4644.55566,31.58684626,89.60350267,74.13239429,42.54554803,124.7955252,50.30352133,110.9003715,179,167,102,69,82,V-54-Montgomery-13
MO-14-hi,"[('2013_Validation_GEO_Montgomery__R0013542.png', 'Rear'), ('2013_Validation_GEO_Montgomery__R0013544.png', 'SIGN')]",missed,0.172569174,0.4383257,1,0.992869549,1,4424.021291,31.99777611,79.33695172,63.11890081,31.12112471,31.12112471,63.30319685,32.18207214,26.87733497,4424.021291,31.99777611,79.33695172,63.11890081,31.12112471,91.10376743,41.38377995,91.23569188,187,163,104,65,74,V-55-Montgomery-14
MO-14-lo,"[('2013_Validation_GEO_Montgomery__R0013548.png', 'Rear'), ('2013_Validation_GEO_Montgomery__R0013550.png', 'SIGN')]",missed,0.232000089,0.589280223,1,0.98840713,1,4331.798917,31.82113203,84.85635207,70.1243465,38.30321448,38.30321448,78.0609814,39.75776692,38.30321448,4331.798917,31.82113203,84.85635207,70.1243465,38.30321448,120.3330972,47.28198852,104.2390265,187,163,104,65,74,V-55-Montgomery-14
MO-15-hi,"[('2013_Validation_GEO_Montgomery__R0013554.png', 'Rear'), ('2013_Validation_GEO_Montgomery__R0013557.png', 'SIGN')]",missed,0.221160858,0.561748576,1,0.992911286,1,4657.457446,32.58141743,85.94753218,71.34206919,38.76065177,38.76065177,67.7084803,28.94782853,33.36359899,4657.457446,32.58141743,85.94753218,71.34206919,38.76065177,113.2925082,48.56732685,107.0727148,164,158,98,72,82,V-56-Montgomery-15
MO-15-lo,"[('2013_Validation_GEO_Montgomery__R0013563.png', 'Rear'), ('2013_Validation_GEO_Montgomery__R0013565.png', 'SIGN')]",missed,0.227272727,0.577272723,1,0.977642778,1,4738.254514,31.74999979,90.05454486,70.42727226,38.67727247,38.67727247,64.05923253,25.38196006,29.81373086,4738.254514,31.74999979,90.05454486,70.42727226,38.67727247,107.5854165,47.63387028,105.0147937,164,158,98,72,82,V-56-Montgomery-15
MO-16-hi,"[('2013_Validation_GEO_Montgomery__R0013570.png', 'Rear'), ('2013_Validation_GEO_Montgomery__R0013573.png', 'SIGN')]",missed,0.241935484,0.614516125,1,0.991638175,1,3729.498362,36.25645137,84.80322525,70.66935437,34.412903,34.412903,71.51431404,37.10141105,27.42278208,3729.498362,36.25645137,84.80322525,70.66935437,34.412903,97.13126698,33.00518918,72.76404606,116,105,86,68,77,V-57-Montgomery-16
MO-16-lo,"[('2013_Validation_GEO_Montgomery__R0013578.png', 'Rear'), ('2013_Validation_GEO_Montgomery__R0013580.png', 'SIGN')]",missed,0.281840751,0.715875503,1,0.964176729,1,3354.592605,37.94140164,83.7574338,74.45105227,36.50965063,36.50965063,79.4331588,42.92350817,30.58916674,3354.592605,37.94140164,83.7574338,74.45105227,36.50965063,105.3985759,30.80130098,67.90530032,116,105,86,68,77,V-57-Montgomery-16
MO-17-hi,"[('2013_Validation_GEO_Montgomery__R0013585.png', 'Rear'), ('2013_Validation_GEO_Montgomery__R0013588.png', 'SIGN')]",missed,0.322580645,0.819354833,1,0.979988794,1,3680.541911,32.77419333,90.12903166,75.38064466,42.60645133,42.60645133,76.2792919,33.67284057,43.29365216,3680.541911,32.77419333,90.12903166,75.38064466,42.60645133,134.931567,41.27452123,90.99481743,148,148,94,72,79,V-58-Montgomery-17
MO-17-lo,"[('2013_Validation_GEO_Montgomery__R0013593.png', 'Rear'), ('2013_Validation_GEO_Montgomery__R0013595.png', 'SIGN')]",missed,0.251054833,0.637679271,1,0.978651627,1,4098.364674,33.79700136,84.17366376,73.33311615,39.5361148,39.5361148,78.59589086,39.05977606,36.20174367,4098.364674,33.79700136,84.17366376,73.33311615,39.5361148,118.9687499,42.10434404,92.82426507,148,148,94,72,79,V-58-Montgomery-17
State-1-hi,"[('2013_Validation_GEO_State_R0013605.png', 'Rear'), ('2013_Validation_GEO_State_R0013607.png', 'SIGN')]",missed,0.283867807,0.721024225,1,0.996069223,1,2112.60098,25.95687212,65.61320451,55.51886536,29.56199324,29.56199324,56.37403363,26.81204038,24.06208752,2112.60098,25.95687212,65.61320451,55.51886536,29.56199324,84.23250909,19.81780533,43.69081759,64,51,67,49,57,V-59-MDState-1
State-1-lo,"[('2013_Validation_GEO_State_R0013614.png', 'Rear'), ('2013_Validation_GEO_State_R0013617.png', 'SIGN')]",missed,0.233186248,0.592293065,1,0.995649934,1,2511.91489,25.46860181,63.96765106,55.08325508,29.61465327,29.61465327,58.68088703,29.06623376,24.67887772,2511.91489,25.46860181,63.96765106,55.08325508,29.61465327,85.28407905,24.95045488,55.00638213,64,51,67,49,57,V-59-MDState-1
State-2-hi,"[('2013_Validation_GEO_State_R0013621.png', 'Rear'), ('2013_Validation_GEO_State_R0013623.png', 'SIGN')]",missed,0.222222222,0.564444441,1,1,1,4021.66664,42.89777749,81.27999946,78.45777726,35.55999977,35.55999977,78.45777726,42.89777749,26.52888871,4021.66664,42.89777749,81.27999946,78.45777726,35.55999977,97.52899796,33.25218304,73.30857475,105,108,83,74,77,V-60-MDState-2
State-2-lo,"[('2013_Validation_GEO_State_R0013630.png', 'Rear'), ('2013_Validation_GEO_State_R0013632.png', 'SIGN')]",missed,0.196078431,0.498039212,1,0.994733322,1,4397.188206,41.33725463,76.69803871,77.69411713,36.35686251,36.35686251,80.21593473,43.85907223,28.27755973,4397.188206,41.33725463,76.69803871,77.69411713,36.35686251,101.527513,37.08125505,81.7502404,105,108,83,74,77,V-60-MDState-2
State-3-hi,"[('2013_Validation_GEO_State_R0013636.png', 'Rear'), ('2013_Validation_GEO_State_R0013638.png', 'SIGN')]",missed,0.232317376,0.590086131,1,0.997751193,1,2268.881175,37.17542628,60.1887854,65.49956059,28.32413431,28.32413431,67.73162552,39.40749121,20.31948766,2268.881175,37.17542628,60.1887854,65.49956059,28.32413431,76.4092227,17.03012114,37.54502094,49,42,61,59,59,V-61-MDState-3
State-3-lo,"[('2013_Validation_GEO_State_R0013642.png', 'Rear'), ('2013_Validation_GEO_State_R0013644.png', 'SIGN')]",missed,0.192307692,0.488461535,1,0.998053566,1,2754.923059,36.63461514,61.54615344,64.47692265,27.84230751,27.84230751,65.42942265,37.58711514,24.5940383,2754.923059,36.63461514,61.54615344,64.47692265,27.84230751,82.36681939,22.79750472,50.25993562,49,42,61,59,59,V-61-MDState-3
State-4-hi,"[('2013_Validation_GEO_State_R0013647.png', 'Rear'), ('2013_Validation_GEO_State_R0013649.png', 'SIGN')]",missed,0.223105378,0.566687656,1,0.999245818,1,4053.516805,39.66813594,78.20289656,77.06952125,37.40138531,37.40138531,77.10439433,39.70300902,23.59164304,4053.516805,39.66813594,78.20289656,77.06952125,37.40138531,95.8076249,35.24992725,77.71285042,124,118,88,75,76,V-62-MDState-4
State-4-lo,"[('2013_Validation_GEO_State_R0013653.png', 'Rear'), ('2013_Validation_GEO_State_R0013655.png', 'SIGN')]",missed,0.194708082,0.494558526,1,0.997950744,1,4397.614412,42.53203323,75.66745446,79.12936414,36.59733092,36.59733092,77.88662733,41.28929642,22.99063096,4397.614412,42.53203323,75.66745446,79.12936414,36.59733092,93.60055163,35.53768589,78.34725015,124,118,88,75,76,V-62-MDState-4
State-5-hi,"[('2013_Validation_GEO_State_R0013658.png', 'Rear'), ('2013_Validation_GEO_State_R0013660.png', 'SIGN')]",missed,0.257299008,0.653539477,1,0.987322872,1,2291.309405,38.55882912,62.08625027,69.27518451,30.7163554,30.7163554,69.66030599,38.94395059,21.39174751,2291.309405,38.55882912,62.08625027,69.27518451,30.7163554,81.85121664,17.6780675,38.97349931,66,52,68,61,58,V-63-MDState-5
State-5-lo,"[('2013_Validation_GEO_State_R0013665.png', 'Rear'), ('2013_Validation_GEO_State_R0013667.png', 'SIGN')]",missed,0.2,0.507999997,1,0.996,1,2896.107981,40.13199974,61.46799959,70.61199953,30.4799998,30.4799998,69.73454499,39.2545452,24.0145453,2896.107981,40.13199974,61.46799959,70.61199953,30.4799998,85.59983127,22.43467546,49.46003338,66,52,68,61,58,V-63-MDState-5
State-6-hi,"[('2013_Validation_GEO_State_R0013671.png', 'Rear'), ('2013_Validation_GEO_State_R0013673.png', 'SIGN')]",missed,0.227272727,0.577272723,1,0.999043465,1,3011.054526,45.60454515,71.00454499,76.77727222,31.17272707,31.17272707,71.98066068,40.80793361,19.83718995,3011.054526,45.60454515,71.00454499,76.77727222,31.17272707,80.12619028,21.33330593,47.03192721,76,70,72,69,63,V-64-MDState-6
State-6-lo,"[('2013_Validation_GEO_State_R0013677.png', 'Rear'), ('2013_Validation_GEO_State_R0013679.png', 'SIGN')]",missed,0.208333333,0.529166663,1,1,1,3359.149978,44.44999971,72.49583285,75.67083283,31.22083313,31.22083313,82.02083279,50.79999966,23.81249984,3359.149978,44.44999971,72.49583285,75.67083283,31.22083313,86.44615728,24.52356305,54.06524597,76,70,72,69,63,V-64-MDState-6
State-7-hi,"[('2013_Validation_GEO_State_R0013683.png', 'Rear'), ('2013_Validation_GEO_State_R0013685.png', 'SIGN')]",missed,0.234375,0.595312496,1,0.98936807,1,3999.904661,39.29062474,82.15312446,76.1999995,36.90937476,36.90937476,68.83099617,31.92162141,24.43999139,3999.904661,39.29062474,82.15312446,76.1999995,36.90937476,96.367359,35.39985506,78.04338495,160,144,97,76,78,V-65-MDState-7
State-7-lo,"[('2013_Validation_GEO_State_R0013689.png', 'Rear'), ('2013_Validation_GEO_State_R0013691.png', 'SIGN')]",missed,0.185255279,0.470548405,1,0.994205796,1,5121.919385,43.76100163,84.69871284,79.99322879,36.23222716,36.23222716,76.49025733,40.25803018,26.97288022,5121.919385,43.76100163,84.69871284,79.99322879,36.23222716,99.2823505,40.60576772,89.52046711,160,144,97,76,78,V-65-MDState-7
State-8-hi,"[('2013_Validation_GEO_State_R0013695.png', 'Rear'), ('2013_Validation_GEO_State_R0013697.png', 'SIGN')]",missed,0.202887359,0.515333888,1,0.996324707,1,2991.513218,37.6193738,68.02407317,66.47807151,28.85869771,28.85869771,73.56138631,44.70268861,21.50255908,2991.513218,37.6193738,68.02407317,66.47807151,28.85869771,79.10727717,22.68847674,50.01956988,66,63,68,62,61,V-66-MDState-8
State-8-lo,"[('2013_Validation_GEO_State_R0013701.png', 'Rear'), ('2013_Validation_GEO_State_R0013703.png', 'SIGN')]",missed,0.206455369,0.524396633,1,1,1,2815.485524,37.23216097,67.6471657,65.02518254,27.79302157,27.79302157,67.6471657,39.85414413,22.0246586,2815.485524,37.23216097,67.6471657,65.02518254,27.79302157,78.25342902,20.89704596,46.07013784,66,63,68,62,61,V-66-MDState-8
State-9-hi,"[('2013_Validation_GEO_State_R0013708.png', 'Rear'), ('2013_Validation_GEO_State_R0013710.png', 'SIGN')]",missed,0.199402102,0.506481336,1,0.995701492,1,5121.539267,47.60924556,88.12775242,85.08886441,37.47961885,37.47961885,76.33044326,38.85082441,22.85342613,5121.539267,47.60924556,88.12775242,85.08886441,37.47961885,94.77092543,37.47692076,82.62253469,137,138,91,79,88,V-67-MDState-9
State-9-lo,"[('2013_Validation_GEO_State_R0013714.png', 'Rear'), ('2013_Validation_GEO_State_R0013717.png', 'SIGN')]",missed,0.196257156,0.498493173,1,0.991862633,1,5031.291594,45.36287874,90.2272643,80.75589401,35.39301528,35.39301528,77.78232427,42.389309,23.45816129,5031.291594,45.36287874,90.2272643,80.75589401,35.39301528,92.44321198,36.99682325,81.56410001,137,138,91,79,88,V-67-MDState-9
State-10-hi,"[('2013_Validation_GEO_State_R0013721.png', 'Rear'), ('2013_Validation_GEO_State_R0013723.png', 'SIGN')]",missed,0.238095238,0.604761901,1,0.990140984,1,4686.299969,38.70476165,86.48095181,80.4333328,41.72857115,41.72857115,73.66895895,31.9403878,28.33421498,4686.299969,38.70476165,86.48095181,80.4333328,41.72857115,110.0543671,44.14479892,97.32270173,144,136,93,76,78,V-68-MDState-10
State-10-lo,"[('2013_Validation_GEO_State_R0013730.png', 'Rear'), ('2013_Validation_GEO_State_R0013732.png', 'SIGN')]",missed,0.219196977,0.556760319,1,0.989017757,1,4805.398311,37.85970168,87.41137005,76.83292399,38.97322231,38.97322231,70.24243557,31.26921325,25.83108921,4805.398311,37.85970168,87.41137005,76.83292399,38.97322231,101.7943745,43.25988288,95.37179422,144,136,93,76,78,V-68-MDState-10
State-11-hi,"[('2013_Validation_GEO_State_R0013737.png', 'Rear'), ('2013_Validation_GEO_State_R0013739.png', 'SIGN')]",missed,0.278319779,0.706932233,1,0.990068987,1,2121.503631,37.46740834,69.27935882,65.03776542,27.57035708,27.57035708,66.4194966,38.84913952,21.93096586,2121.503631,37.46740834,69.27935882,65.03776542,27.57035708,77.75649624,15.40438535,33.96088413,52,54,64,59,60,V-69-MDState-11
State-11-lo,"[('2013_Validation_GEO_State_R0013748.png', 'Rear'), ('2013_Validation_GEO_State_R0013750.png', 'SIGN')]",missed,0.179398221,0.455671478,1,0.998275872,1,2805.569292,34.17536088,63.79400697,59.69296367,25.51760279,25.51760279,68.84938111,43.33177832,23.11028177,2805.569292,34.17536088,63.79400697,59.69296367,25.51760279,76.38450245,21.72203718,47.88893362,52,54,64,59,60,V-69-MDState-11
State-12-hi,"[('2013_Validation_GEO_State_R0013755.png', 'Rear'), ('2013_Validation_GEO_State_R0013757.png', 'SIGN')]",missed,0.239925968,0.609411954,1,0.997980194,1,3710.099975,49.97178022,82.88002572,84.70826159,34.73648137,34.73648137,86.52541723,51.78893586,26.52604032,3710.099975,49.97178022,82.88002572,84.70826159,34.73648137,96.23094404,27.35729998,60.3125716,109,112,84,77,78,V-70-MDState-12
State-12-lo,"[('2013_Validation_GEO_State_R0013761.png', 'Rear'), ('2013_Validation_GEO_State_R0013763.png', 'SIGN')]",missed,0.227177538,0.577030942,1,0.995161597,1,4118.269832,45.5854444,81.93839374,82.51542468,36.92998028,36.92998028,85.99409693,49.06411665,27.96127078,4118.269832,45.5854444,81.93839374,82.51542468,36.92998028,101.9309388,34.53396243,76.13441689,109,112,84,77,78,V-70-MDState-12
State-13-hi,"[('2013_Validation_GEO_State_R0013767.png', 'Rear'), ('2013_Validation_GEO_State_R0013769.png', 'SIGN')]",missed,0.263157895,0.668421048,1,0.997435108,1,3571.373661,46.78947338,84.22105208,82.88420998,36.0947366,36.0947366,91.62510061,55.53036401,31.9299593,3571.373661,46.78947338,84.22105208,82.88420998,36.0947366,106.8529425,29.05634522,64.05832822,128,115,89,75,77,V-71-MDState-13
State-13-lo,"[('2013_Validation_GEO_State_R0013773.png', 'Rear'), ('2013_Validation_GEO_State_R0013775.png', 'SIGN')]",missed,0.238095238,0.604761901,1,0.995428279,1,3946.071403,44.14761876,81.0380947,81.6428566,37.49523785,37.49523785,81.70604068,44.21080284,24.62373829,3946.071403,44.14761876,81.0380947,81.6428566,37.49523785,97.57625954,33.36824382,73.56444519,128,115,89,75,77,V-71-MDState-13
State-14-hi,"[('2013_Validation_GEO_State_R0013779.png', 'Rear'), ('2013_Validation_GEO_State_R0013781.png', 'SIGN')]",missed,0.216689821,0.550392142,1,0.999079324,1,2733.247379,41.27941068,68.24862566,69.34940994,28.06999926,28.06999926,66.93615209,38.86615283,21.05249945,2733.247379,41.27941068,68.24862566,69.34940994,28.06999926,77.16144054,19.14687231,42.21166227,69,64,69,65,61,V-72-MDState-14
State-14-lo,"[('2013_Validation_GEO_State_R0013786.png', 'Rear'), ('2013_Validation_GEO_State_R0013789.png', 'SIGN')]",missed,0.210444821,0.534529841,1,0.995821979,1,2736.792785,41.69332758,65.74717042,70.02340915,28.33008156,28.33008156,65.45225741,37.12217584,21.49178601,2736.792785,41.69332758,65.74717042,70.02340915,28.33008156,78.26000658,19.05085637,41.99998317,69,64,69,65,61,V-72-MDState-14
State-15-hi,"[('2013_Validation_GEO_State_R0013794.png', 'Rear'), ('2013_Validation_GEO_State_R0013796.png', 'SIGN')]",missed,0.248315532,0.630721446,1,0.988695556,1,4160.869379,41.62761543,88.30100243,79.47090219,37.84328676,37.84328676,76.21957755,38.37629079,25.58419386,4160.869379,41.62761543,88.30100243,79.47090219,37.84328676,99.63165357,34.97597521,77.10888907,144,136,93,75,88,V-73-MDState-15
State-15-lo,"[('2013_Validation_GEO_State_R0013801.png', 'Rear'), ('2013_Validation_GEO_State_R0013803.png', 'SIGN')]",missed,0.215648058,0.547746063,1,0.997380052,1,4886.990371,42.72419289,87.63937003,81.61416334,38.88997045,38.88997045,78.81700678,39.92703633,28.51931166,4886.990371,42.72419289,87.63937003,81.61416334,38.88997045,105.8862527,41.7214177,91.98005631,144,136,93,75,88,V-73-MDState-15
State-16-hi,"[('2013_Validation_GEO_State_R0013807.png', 'Rear'), ('2013_Validation_GEO_State_R0013809.png', 'SIGN')]",missed,0.241799052,0.614169588,1,0.983556218,1,4383.328349,44.83437992,87.21208148,84.14123354,39.30685363,39.30685363,82.44852224,43.14166861,29.24046428,4383.328349,44.83437992,87.21208148,84.14123354,39.30685363,107.6738752,36.38936769,80.22488865,144,151,93,78,83,V-74-MDState-16
State-16-lo,"[('2013_Validation_GEO_State_R0013813.png', 'Rear'), ('2013_Validation_GEO_State_R0013815.png', 'SIGN')]",missed,0.223951626,0.568837125,1,0.989969134,1,4596.772811,42.66278441,83.61905745,82.48138319,39.81859878,39.81859878,80.11122851,40.29262972,29.38991815,4596.772811,42.66278441,83.61905745,82.48138319,39.81859878,108.7124842,39.83375518,87.81846941,144,151,93,78,83,V-74-MDState-16
State-18-hi,"[('2013_Validation_GEO_State_R0013820.png', 'Rear'), ('2013_Validation_GEO_State_R0013822.png', 'SIGN')]",missed,0.285714286,0.725714281,1,1,1,4172.131401,39.18857117,88.53714227,82.73142803,43.54285686,43.54285686,87.08571371,43.54285686,34.83428548,4172.131401,39.18857117,88.53714227,82.73142803,43.54285686,123.1145273,39.05204431,86.09509054,159,144,97,74,76,V-76-MDState-18
State-18-lo,"[('2013_Validation_GEO_State_R0013826.png', 'Rear'), ('2013_Validation_GEO_State_R0013828.png', 'SIGN')]",missed,0.23255814,0.590697671,1,0.996953054,1,4808.869736,34.26046489,86.2418599,76.1999995,41.93953461,41.93953461,77.16874368,35.22920907,34.67001528,4808.869736,34.26046489,86.2418599,76.1999995,41.93953461,120.3379996,46.1434177,101.7289055,159,144,97,74,76,V-76-MDState-18
State-19-hi,"[('2013_Validation_GEO_State_R0013832.png', 'Rear'), ('2013_Validation_GEO_State_R0013834.png', 'SIGN')]",missed,0.235407055,0.597933916,1,0.98014932,1,4625.018842,41.85537414,87.89628569,81.91694652,40.06157239,40.06157239,66.916033,26.85446061,21.13137884,4625.018842,41.85537414,87.89628569,81.91694652,40.06157239,96.12166302,40.317899,88.8858247,147,137,94,77,82,V-77-MDState-19
State-19-lo,"[('2013_Validation_GEO_State_R0013839.png', 'Rear'), ('2013_Validation_GEO_State_R0013841.png', 'SIGN')]",missed,0.227272727,0.577272723,1,0.987086777,1,4809.259059,43.29545426,90.05454486,82.54999946,39.2545452,39.2545452,72.04363589,32.78909069,22.62909076,4809.259059,43.29545426,90.05454486,82.54999946,39.2545452,97.20658805,40.44937651,89.17568324,147,137,94,77,82,V-77-MDState-19
State-17-hi,"[('2013_Validation_GEO_State_R0013845.png', 'Rear'), ('2013_Validation_GEO_State_R0013848.png', 'SIGN')]",missed,0.227272727,0.577272723,1,0.996869522,1,4577.772697,45.02727243,88.32272669,83.12727218,38.09999975,38.09999975,86.0322575,47.93225775,34.412903,4577.772697,45.02727243,88.32272669,83.12727218,38.09999975,113.9030013,38.73071095,85.38667117,143,145,93,79,85,V-75-MDState-17
State-17-lo,"[('2013_Validation_GEO_State_R0013852.png', 'Rear'), ('2013_Validation_GEO_State_R0013854.png', 'SIGN')]",missed,0.215729728,0.547953504,1,0.997946795,1,4535.959109,43.83628035,84.93279317,81.09711864,37.2608383,37.2608383,83.9680863,46.707248,26.76482751,4535.959109,43.83628035,84.93279317,81.09711864,37.2608383,100.5712807,37.04269479,81.66522951,143,145,93,79,85,V-75-MDState-17
