sampleID,allphotos,famacha_score,calinch_pixel,calCM_pixel,errcalposition,errrearposition,errsideposition,calsidebodyarea,calsidebellyht,calsidelength,calsidewither,calsidedepth,reardepth,rearht,rearbellyht,rearwidth,sidebodyarea,sidebellyht,sidelength,sidewither,sidedepth,girth,ADAPTMapKGS,ADAPTMapLBS
AF-1-hi,"[('2013_Validation_GEO_Allegany_R0012973.png', 'Rear'), ('2013_Validation_GEO_Allegany_R0012975.png', 'SIGN')]",missed,0.23892051935391642,0.6068581151536842,1.0,0.9953210643796438,1.0,3808.6415307045218,43.08692617591157,79.49841308513263,80.10527120028631,37.01834502437473,37.01834502437473,77.96287815739527,40.944533133020535,25.800664713958145,3808.6415307045218,43.08692617591157,79.49841308513263,80.10527120028631,37.01834502437473,98.67586974986611,30.739269942592568,67.76854517406076
AF-1-lo,"[('2013_Validation_GEO_Allegany_R0012981.png', 'Rear'), ('2013_Validation_GEO_Allegany_R0012983.png', 'SIGN')]",missed,0.19607843137254902,0.49803921239921567,1.0,0.9979495066000257,1.0,4781.6744782448695,44.82352911592941,81.18039162107216,82.17647004587059,37.35294092994118,37.35294092994118,80.3797463049367,43.02680537499553,26.478034076920327,4781.6744782448695,44.82352911592941,81.18039162107216,82.17647004587059,37.35294092994118,100.26546107651488,36.886463903391935,81.32079909564528
AF-2-hi,"[('2013_Validation_GEO_Allegany_R0012988.png', 'Rear'), ('2013_Validation_GEO_Allegany_R0012990.png', 'SIGN')]",missed,0.22664829345448265,0.5756866615748539,1.0,0.999255515232959,1.0,4211.147929420056,37.41963300236551,77.71769931260528,77.14201265103043,39.72237964866492,39.72237964866491,74.33759619964434,34.615216550979426,27.23820318765594,4211.147929420056,37.41963300236551,77.71769931260528,77.14201265103043,39.72237964866492,105.18143755933819,39.999774664901736,88.18448002809075
AF-2-lo,"[('2013_Validation_GEO_Allegany_R0012994.png', 'Rear'), ('2013_Validation_GEO_Allegany_R0012996.png', 'SIGN')]",missed,0.19148252502094376,0.4863656103431841,1.0,0.9975877922770792,1.0,4702.669086408247,37.93651760676836,78.79122887559582,74.90030399285035,36.96378638608199,36.96378638608199,79.13373986879526,42.16995348271326,26.030835483156334,4702.669086408247,37.93651760676836,78.79122887559582,74.90030399285035,36.96378638608199,98.95172064003303,41.33445814756619,91.12695582718872
AF-3-hi,"[('2013_Validation_GEO_Allegany_R0013000.png', 'Rear'), ('2013_Validation_GEO_Allegany_R0013002.png', 'SIGN')]",missed,0.2134633778358137,0.5421969761244667,1.0,0.99553268493362,1.0,2562.4229091642296,34.70060647196587,63.97924318268707,62.352652254313675,27.652045782347802,27.652045782347805,62.217103010282564,34.56505722793476,21.726607400416132,2562.4229091642296,34.70060647196587,63.97924318268707,62.352652254313675,27.652045782347802,77.56380704156473,20.030562526279585,44.159867295454035
AF-3-lo,"[('2013_Validation_GEO_Allegany_R0013006.png', 'Rear'), ('2013_Validation_GEO_Allegany_R0013008.png', 'SIGN')]",missed,0.20495847453300414,0.5205945218779067,1.0,0.999159840474342,1.0,2330.1810799255104,34.879832965819745,59.34777549408136,60.90955905971508,26.029726093895334,26.029726093895327,64.3087350555061,38.27900896161078,20.415471446192413,2330.1810799255104,34.879832965819745,59.34777549408136,60.90955905971508,26.029726093895334,72.95594569323319,16.644614081888022,36.69512266946512
AF-4-hi,"[('2013_Validation_GEO_Allegany_R0013012.png', 'Rear'), ('2013_Validation_GEO_Allegany_R0013014.png', 'SIGN')]",missed,0.19048531158595022,0.4838326882350178,1.0,0.9849551434924405,1.0,1651.3209649461157,29.997626670571105,51.286264952911885,49.834766888206836,19.837140217635728,19.837140217635728,40.01630009419621,20.179159876560483,14.70684533376442,1651.3209649461157,29.997626670571105,51.286264952911885,49.834766888206836,19.837140217635728,54.261565616995334,8.46083071529407,18.652954009978288
AF-4-lo,"[('2013_Validation_GEO_Allegany_R0013018.png', 'Rear'), ('2013_Validation_GEO_Allegany_R0013020.png', 'SIGN')]",missed,0.18626289810386923,0.4731077580613166,1.0,0.9986122453115979,1.0,2024.9012045024351,27.440249967556362,51.56874562868351,51.09563787062219,23.65538790306583,23.65538790306583,49.77487871270101,26.119490809635185,17.741540927299372,2024.9012045024351,27.440249967556362,51.56874562868351,51.09563787062219,23.65538790306583,65.02614374732741,13.89530114107166,30.633920221414087
AF-5-hi,"[('2013_Validation_GEO_Allegany_R0013025.png', 'Rear'), ('2013_Validation_GEO_Allegany_R0013027.png', 'SIGN')]",missed,0.2448664440851514,0.6219607638713435,1.0,0.998183043168518,1.0,4062.025748843744,36.07372430453792,78.36705624778928,77.1231347200466,41.04941041550867,41.04941041550867,83.38161490650198,42.33220449099331,28.86286669840453,4062.025748843744,36.07372430453792,78.36705624778928,77.1231347200466,41.04941041550867,109.81794808840176,42.60502031188322,93.92806820200362
AF-5-lo,"[('2013_Validation_GEO_Allegany_R0013032.png', 'Rear'), ('2013_Validation_GEO_Allegany_R0013034.png', 'SIGN')]",missed,0.2,0.5079999966472,1.0,0.9968,1.0,4608.067969586751,35.0519997686568,78.2319994836688,73.1519995171968,38.09999974854,38.09999974853999,77.85652122527738,39.75652147673738,25.952173741759125,4608.067969586751,35.0519997686568,78.2319994836688,73.1519995171968,38.09999974854,100.61291884179131,44.07835297040164,97.1762133600276
AF-6-hi,"[('2013_Validation_GEO_Allegany_R0013038.png', 'Rear'), ('2013_Validation_GEO_Allegany_R0013040.png', 'SIGN')]",missed,0.26964074061921384,0.6848874766525458,1.0,0.9876244886805654,1.0,2805.98399184548,41.77813607580529,76.02250990843258,73.96784747847495,32.18971140266965,32.18971140266965,70.23209760582469,38.04238620315504,21.06962928174741,2805.98399184548,41.77813607580529,76.02250990843258,73.96784747847495,32.18971140266965,83.6595767146003,21.297768830450856,46.953581259040845
AF-6-lo,"[('2013_Validation_GEO_Allegany_R0013044.png', 'Rear'), ('2013_Validation_GEO_Allegany_R0013046.png', 'SIGN')]",missed,0.2261951839471001,0.5745357634336982,1.0,0.9952625684036238,1.0,3240.3817057660576,45.38832531126216,76.41325653668186,76.41325653668186,31.0249312254197,31.0249312254197,68.36001795431459,37.33508672889489,23.13723684607571,3240.3817057660576,45.38832531126216,76.41325653668186,76.41325653668186,31.0249312254197,85.0777346579528,22.74555935719802,50.145415609618375
AF-7-hi,"[('2013_Validation_GEO_Allegany_R0013051.png', 'Rear'), ('2013_Validation_GEO_Allegany_R0013053.png', 'SIGN')]",missed,0.2110208960145077,0.5359930723392952,1.0,0.9987964913904117,1.0,1105.7537082359659,25.727667472286168,38.055508136089955,45.55941114884009,19.83174367655392,19.831743676553923,46.9699192339435,27.13817555738958,18.26607970208914,1105.7537082359659,25.727667472286168,38.055508136089955,45.55941114884009,19.83174367655392,59.84392102205326,6.595054473655886,14.539618145064036
AF-7-lo,"[('2013_Validation_GEO_Allegany_R0013057.png', 'Rear'), ('2013_Validation_GEO_Allegany_R0013059.png', 'SIGN')]",missed,0.24390243902439024,0.6195121910331707,1.0,0.9891839273159916,1.0,1172.1170654347588,27.25853640545951,45.22438994542146,47.702438709554144,20.44390230409463,20.443902304094635,50.323451825463714,29.87954952136908,17.822889188185066,1172.1170654347588,27.25853640545951,45.22438994542146,47.702438709554144,20.44390230409463,60.10933551429915,6.698711207912751,14.76814231272322
AF-9-hi,"[('2013_Validation_GEO_Allegany_R0013080.png', 'Rear'), ('2013_Validation_GEO_Allegany_R0013082.png', 'SIGN')]",missed,0.1668483593431364,0.42379482993452056,1.0,0.9913605043055356,1.0,3030.5568288617565,39.41291918391041,66.53578829971973,63.9930193201126,24.58010013620219,24.580100136202194,54.01153582560219,29.431435689399994,18.435075102151647,3030.5568288617565,39.41291918391041,66.53578829971973,63.9930193201126,24.58010013620219,67.568079260845,18.177228016718125,40.073960776905516
AF-9-lo,"[('2013_Validation_GEO_Allegany_R0013086.png', 'Rear'), ('2013_Validation_GEO_Allegany_R0013089.png', 'SIGN')]",missed,0.12089952597446141,0.3070847939483723,1.0,1.0,1.0,4504.319757634725,35.62183609801119,62.33821317151958,63.87363714126144,28.25180104325025,28.25180104325025,56.5036020865005,28.25180104325025,22.110105164282807,4504.319757634725,35.62183609801119,62.33821317151958,63.87363714126144,28.25180104325025,79.10829728118202,34.6897415652722,76.47785138466331
AF-10-hi,"[('2013_Validation_GEO_Allegany_R0013093.png', 'Rear'), ('2013_Validation_GEO_Allegany_R0013095.png', 'SIGN')]",missed,0.25,0.634999995809,1.0,0.9944029850746269,1.0,4711.064968906971,34.289999773686,89.534999409069,76.834999492889,42.544999719203,42.544999719203,81.01034193108516,38.46534221188216,36.134109350555974,4711.064968906971,34.289999773686,89.534999409069,76.834999492889,42.544999719203,123.58885552227241,47.74172164521284,105.25256540065266
AF-10-lo,"[('2013_Validation_GEO_Allegany_R0013100.png', 'Rear'), ('2013_Validation_GEO_Allegany_R0013102.png', 'SIGN')]",missed,0.19793474172870185,0.5027542406727247,1.0,0.9940488867873608,1.0,5240.20745053181,38.7120765317998,84.46271243301774,78.42966154494505,39.717585013145246,39.71758501314525,75.50705722279262,35.78947220964737,28.80616055898447,5240.20745053181,38.7120765317998,84.46271243301774,78.42966154494505,39.717585013145246,107.63684784292943,45.5979895244315,100.52644121684575
AF-11-hi,"[('2013_Validation_GEO_Allegany_R0013106.png', 'Rear'), ('2013_Validation_GEO_Allegany_R0013109.png', 'SIGN')]",missed,0.39473684210526316,1.00263157233,1.0,0.9104880061295456,1.0,3441.0315562365604,35.092105031550005,93.24473622669001,82.21578893106,47.123683899510006,47.123683899510006,85.33207625046407,38.208392350954064,31.840326959128383,3441.0315562365604,35.092105031550005,93.24473622669001,82.21578893106,47.123683899510006,124.03637820574151,37.0631420299009,81.71030800785927
AF-11-lo,"[('2013_Validation_GEO_Allegany_R0013118.png', 'Rear'), ('2013_Validation_GEO_Allegany_R0013114.png', 'SIGN')]",missed,0.28472156602074716,0.7231927729196255,1.0,0.9566714228469567,1.0,4216.213866121417,34.713253100142026,92.56867493371206,76.6584339294803,41.94518082933828,41.94518082933828,85.30424415854188,43.35906332920361,32.990591663524484,4216.213866121417,34.713253100142026,92.56867493371206,76.6584339294803,41.94518082933828,117.70883617732687,41.457638610249326,91.3985224833095
AF-12-hi,"[('2013_Validation_GEO_Allegany_R0013121.png', 'SIGN'), ('2013_Validation_GEO_Allegany_R0013119.png', 'Rear')]",missed,0.2631578947368421,0.6684210482199999,1.0,0.9889196675900277,1.0,2546.01577266998,38.09999974853999,64.83684167733999,71.52105215953999,33.421052411,33.421052411,62.808529531017236,29.38747712001724,30.53992720315517,2546.01577266998,38.09999974853999,64.83684167733999,71.52105215953999,33.421052411,100.4696718361182,23.31025994676746,51.39036831947534
AF-12-lo,"[('2013_Validation_GEO_Allegany_R0013126.png', 'Rear'), ('2013_Validation_GEO_Allegany_R0013128.png', 'SIGN')]",missed,0.22727272727272727,0.5772727234627273,1.0,0.9951270856073601,1.0,2570.5954375795245,35.79090885468909,61.76818141051182,66.38636319821364,30.595454343524548,30.595454343524544,65.41097135512143,34.815517011596896,26.375391675452192,2570.5954375795245,35.79090885468909,61.76818141051182,66.38636319821364,30.595454343524548,89.4895956610063,22.396413735127226,49.37568064500085
AF-13-hi,"[('2013_Validation_GEO_Allegany_R0013132.png', 'Rear'), ('2013_Validation_GEO_Allegany_R0013134.png', 'SIGN')]",missed,0.2378247109658254,0.604074761866303,1.0,1.0,1.0,2630.1415131658837,41.68115856877491,76.11341999515419,68.26044809089224,26.579289522117335,26.579289522117335,62.823775234095514,36.244485711978186,22.350766189053214,2630.1415131658837,41.68115856877491,76.11341999515419,68.26044809089224,26.579289522117335,76.85915178097635,17.783859975983976,39.20673198818316
AF-13-lo,"[('2013_Validation_GEO_Allegany_R0013138.png', 'Rear'), ('2013_Validation_GEO_Allegany_R0013140.png', 'SIGN')]",missed,0.21724420639160924,0.5518002805928056,1.0,0.9958600837534456,1.0,3235.756845396212,37.52241908031078,72.28583675765753,68.9750350741007,31.45261599378992,31.452615993789923,76.21210798495251,44.759491991162584,31.452615993789923,3235.756845396212,37.52241908031078,72.28583675765753,68.9750350741007,31.45261599378992,98.81130734227126,29.382372995711137,64.77709702929315
AF-14-hi,"[('2013_Validation_GEO_Allegany_R0013144.png', 'Rear'), ('2013_Validation_GEO_Allegany_R0013146.png', 'SIGN')]",missed,0.21253122168482622,0.5398292995165852,1.0,0.9985429187035212,1.0,3785.2830482102954,33.46941657002828,77.73541913038827,66.93883314005656,33.46941657002828,33.46941657002828,70.28577479705937,36.8163582270311,28.449004084524034,3785.2830482102954,33.46941657002828,77.73541913038827,66.93883314005656,33.46941657002828,97.26122772511202,36.19329759862324,79.79262773290367
AF-14-lo,"[('2013_Validation_GEO_Allegany_R0013150.png', 'Rear'), ('2013_Validation_GEO_Allegany_R0013152.png', 'SIGN')]",missed,0.2222222222222222,0.564444440719111,1.0,0.996258885147774,1.0,3978.7688626290137,41.768888613214216,76.7644439377991,79.02222170067554,37.25333308746133,37.25333308746133,83.66732185216725,46.41398876470592,32.97836043808052,3978.7688626290137,41.768888613214216,76.7644439377991,79.02222170067554,37.25333308746133,110.31968621450606,36.93209366923288,81.42139559170549
AF-15-hi,"[('2013_Validation_GEO_Allegany_R0013156.png', 'Rear'), ('2013_Validation_GEO_Allegany_R0013158.png', 'SIGN')]",missed,0.23809523809523808,0.6047619007704762,1.0,0.9910490511994271,1.0,3492.4999769495003,40.51904735162191,78.01428519939142,74.99047569553905,34.47142834391715,34.47142834391714,88.33303513128767,53.86160678737053,38.78035688690679,3492.4999769495003,40.51904735162191,78.01428519939142,74.99047569553905,34.47142834391715,115.06363517174688,33.48551720118655,73.82298894421982
AF-15-lo,"[('2013_Validation_GEO_Allegany_R0013162.png', 'Rear'), ('2013_Validation_GEO_Allegany_R0013164.png', 'SIGN')]",missed,0.20473362152114744,0.52002339523156,1.0,0.9897048775274333,1.0,3585.041286726375,41.08184822329324,80.08360286566025,70.72318175149216,29.641333528198924,29.641333528198924,59.28266705639785,29.641333528198924,22.54411282426397,3585.041286726375,41.08184822329324,80.08360286566025,70.72318175149216,29.641333528198924,81.97270744260085,24.783069758201364,54.637360796048796
AF-16-hi,"[('2013_Validation_GEO_Allegany_R0013168.png', 'Rear'), ('2013_Validation_GEO_Allegany_R0013170.png', 'SIGN')]",missed,0.21427477872955975,0.5442579343809794,1.0,0.9991652058036437,1.0,3126.7618330187265,34.2882498660017,72.38630527267026,64.22243625695556,29.934186390953865,29.934186390953865,64.8574038470667,34.923217456112845,29.934186390953865,3126.7618330187265,34.2882498660017,72.38630527267026,64.22243625695556,29.934186390953865,94.04102005700821,28.43735879990816,62.69369565580557
AF-16-lo,"[('2013_Validation_GEO_Allegany_R0013175.png', 'Rear'), ('2013_Validation_GEO_Allegany_R0013177.png', 'SIGN')]",missed,0.2158890570855356,0.5483582013780963,1.0,0.9912060217039091,1.0,2830.076677312355,32.353133881307684,67.99641697088394,61.41611855434679,29.062984673039104,29.062984673039097,62.27782429936949,33.214839626330395,24.44981250271543,2830.0766773123546,32.35313388130768,67.99641697088393,61.416118554346774,29.0629846730391,84.05770524019553,24.70949591183139,54.4751580976547
AF-17-hi,"[('2013_Validation_GEO_Allegany_R0013181.png', 'Rear'), ('2013_Validation_GEO_Allegany_R0013183.png', 'SIGN')]",missed,0.21731154227164773,0.5519713137269745,1.0,1.0,1.0,3193.1540499105477,41.94981984325006,70.10035684332576,73.96415603941459,32.01433619616452,32.01433619616452,74.51612735314156,42.501791156977035,29.254479627529648,3193.1540499105477,41.94981984325006,70.10035684332576,73.96415603941459,32.01433619616452,96.24083084293184,26.996541071260573,59.51723370619538
AF-17-lo,"[('2013_Validation_GEO_Allegany_R0013188.png', 'Rear'), ('2013_Validation_GEO_Allegany_R0013190.png', 'SIGN')]",missed,0.22449251882860094,0.5702109940612538,1.0,1.0,1.0,3128.177513420038,37.063714613981496,72.41679624577922,68.42531928735045,31.361604673368955,31.361604673368955,71.84658525171797,40.48498057834902,26.799916720878926,3128.177513420038,37.063714613981496,72.41679624577922,68.42531928735045,31.361604673368955,91.35990416688736,25.737161071394837,56.74077380420033
AF-18-hi,"[('2013_Validation_GEO_Allegany_R0013196.png', 'Rear'), ('2013_Validation_GEO_Allegany_R0013198.png', 'SIGN')]",missed,0.1822008841480282,0.46279024268157604,1.0,0.998155713211982,1.0,4213.242369373068,40.262751113297114,74.50922907173374,73.58364858637059,33.32089747307347,33.32089747307347,71.02612356102503,37.70522608795156,22.360075935878253,4213.242369373068,40.262751113297114,74.50922907173374,73.58364858637059,33.32089747307347,87.46346850314568,34.84244110330973,76.81449651517163
AF-18-lo,"[('2013_Validation_GEO_Allegany_R0013202.png', 'Rear'), ('2013_Validation_GEO_Allegany_R0013204.png', 'SIGN')]",missed,0.20833333333333334,0.5291666631741667,1.0,0.9947390572390572,1.0,3977.216640417037,47.62499968567501,76.72916616025418,82.54999945517001,34.924999769495,34.924999769495,75.0415535587798,40.116553789284794,23.59797281722635,3977.216640417037,47.62499968567501,76.72916616025418,82.54999945517001,34.924999769495,91.92767037234032,30.53113172957708,67.3096785868734
AF-19-hi,"[('2013_Validation_GEO_Allegany_R0013211.png', 'Rear'), ('2013_Validation_GEO_Allegany_R0013213.png', 'SIGN')]",missed,0.22581219524023685,0.573562972124686,1.0,0.9969557523869126,1.0,4677.979600648939,45.311474797850195,88.90226067932633,83.74019393020416,38.42871913235396,38.428719132353955,71.44494261226369,33.01622347990973,25.43872956648783,4677.979600648939,45.311474797850195,88.90226067932633,83.74019393020416,38.42871913235396,100.32275381790217,38.50646242456053,84.89228739607518
AF-19-lo,"[('2013_Validation_GEO_Allegany_R0013219.png', 'Rear'), ('2013_Validation_GEO_Allegany_R0013221.png', 'SIGN')]",missed,0.2222222222222222,0.564444440719111,1.0,0.9985686169261049,1.0,4893.733301034693,43.46222193537155,90.31111051505776,82.40888834499022,38.946666409618665,38.946666409618665,82.83023419510448,43.88356778548582,27.427229865928638,4893.733301034693,43.46222193537155,90.31111051505776,82.40888834499022,38.946666409618665,104.25987246469518,41.31000465567688,91.07304506181079
CA-1-lo,"[('2013_Validation_GEO_Carroll_R0013225.png', 'Rear'), ('2013_Validation_GEO_Carroll_R0013227.png', 'SIGN')]",missed,0.2924405266214171,0.7427989327159265,1.0,0.9957239269194694,1.0,2193.485248310131,36.3971477030804,69.82309967529709,66.10910501171746,29.711957308637057,29.71195730863706,57.30163195237147,27.589674643734412,28.297102198701964,2193.485248310131,36.3971477030804,69.82309967529709,66.10910501171746,29.711957308637057,91.1204175949547,19.154085464527437,42.22756456138432
CA-1-hi,"[('2013_Validation_GEO_Carroll_R0013233.png', 'Rear'), ('2013_Validation_GEO_Carroll_R0013235.png', 'SIGN')]",missed,0.22727272727272727,0.5772727234627273,1.0,0.9901090205732372,1.0,2365.0863480267935,36.36818157815182,64.07727230436272,63.4999995809,27.131818002748183,27.131818002748183,62.98457750637971,35.852759503631525,20.348863502061135,2365.0863480267935,36.36818157815182,64.07727230436272,63.4999995809,27.131818002748183,74.58248010147285,16.645819769390926,36.69778075757713
CA-2-lo,"[('2013_Validation_GEO_Carroll_R0013239.png', 'Rear'), ('2013_Validation_GEO_Carroll_R0013242.png', 'SIGN')]",missed,0.27497802170944263,0.6984441705322527,1.0,0.9831971305726136,1.0,1915.133915599437,44.00198274353192,67.74908454162852,69.14597288269302,25.143990139161097,25.143990139161097,57.716886455801614,32.57289631664052,20.572355568404536,1915.133915599437,44.00198274353192,67.74908454162852,69.14597288269302,25.143990139161097,71.81106791192973,11.243734086713069,24.788210741620375
CA-2-hi,"[('2013_Validation_GEO_Carroll_R0013252.png', 'Rear'), ('2013_Validation_GEO_Carroll_R0013254.png', 'SIGN')]",missed,0.18605127836796895,0.4725702439356775,1.0,0.9926775796152709,1.0,2759.8102245843565,36.387908783047166,67.57754488280187,60.961561467702396,24.57365268465523,24.57365268465523,56.168348993497666,31.594696308842437,19.50289895607558,2759.8102245843565,36.387908783047166,67.57754488280187,60.961561467702396,24.57365268465523,69.23528541504552,17.808510503395873,39.26107714288584
CA-3-lo,"[('2013_Validation_GEO_Carroll_R0013260.png', 'Rear'), ('2013_Validation_GEO_Carroll_R0013262.png', 'SIGN')]",missed,0.19826717406274735,0.5035986187956274,1.0,0.9852587978834396,1.0,3056.3400174706626,37.26629779087643,69.49660939379658,65.46782044343156,28.201522652555134,28.201522652555134,72.51820110657034,44.31667845401521,35.45334276321217,3056.3400174706626,37.26629779087643,69.49660939379658,65.46782044343156,28.201522652555134,99.98882877771078,29.039030567672192,64.0201559279533
CA-3-hi,"[('2013_Validation_GEO_Carroll_R0013269.png', 'Rear'), ('2013_Validation_GEO_Carroll_R0013273.png', 'SIGN')]",missed,0.2208763840794152,0.561026011858943,1.0,0.9920348772173065,1.0,2568.9381083021,37.027716782690234,66.76209541121422,64.51799136377844,27.490274581088205,27.490274581088205,66.07311609840498,38.58284151731678,26.525703543155284,2568.9381083021,37.027716782690234,66.76209541121422,64.51799136377844,27.490274581088205,84.84810002579516,20.56862090863749,45.34608394468486
CA-4-lo,"[('2013_Validation_GEO_Carroll_R0013277.png', 'Rear'), ('2013_Validation_GEO_Carroll_R0013279.png', 'SIGN')]",missed,0.2777777777777778,0.7055555508988889,1.0,0.9932903918411164,1.0,2548.466649846787,37.394444197641114,70.55555508988888,69.84999953899,32.45555534134889,32.45555534134889,62.31466625538987,29.85911091404098,24.01711095259818,2548.466649846787,37.394444197641114,70.55555508988888,69.84999953899,32.45555534134889,88.70705677884601,20.254270393770746,44.65305912311228
CA-4-hi,"[('2013_Validation_GEO_Carroll_R0013284.png', 'Rear'), ('2013_Validation_GEO_Carroll_R0013286.png', 'SIGN')]",missed,0.2631578947368421,0.6684210482199999,1.0,0.9744068409008793,1.0,2680.3684033622,36.094736603879994,74.19473635242,66.842104822,30.747368218119995,30.74736821812,63.446950291358725,32.69958207323873,20.986298942526346,2680.3684033622,36.094736603879994,74.19473635242,66.842104822,30.747368218119995,81.26305434757305,20.765449116937855,45.78001621928485
CA-5-lo,"[('2013_Validation_GEO_Carroll_R0013290.png', 'Rear'), ('2013_Validation_GEO_Carroll_R0013292.png', 'SIGN')]",missed,0.256198078143033,0.6507431141883993,1.0,1.0,1.0,4314.426847069087,37.09235750873876,87.1995773012455,78.08917370260791,40.99681619386915,40.99681619386915,80.04140304517311,39.044586851303954,34.48938505198516,4314.426847069087,37.09235750873876,87.1995773012455,78.08917370260791,40.99681619386915,118.5734476406883,39.71143305266657,87.54879506840194
CA-5-hi,"[('2013_Validation_GEO_Carroll_R0013296.png', 'Rear'), ('2013_Validation_GEO_Carroll_R0013298.png', 'SIGN')]",missed,0.23255813953488372,0.59069767052,1.0,0.9801694609698937,1.0,4035.64648499264,37.80465091328,85.6511622254,73.24651114448,35.441860231199996,35.441860231199996,63.53601773154146,28.094157500341463,24.636415038760976,4035.64648499264,37.80465091328,85.6511622254,73.24651114448,35.441860231199996,94.37073411422737,33.708819205470945,74.31528599594117
CA-6-lo,"[('2013_Validation_GEO_Carroll_R0013302.png', 'Rear'), ('2013_Validation_GEO_Carroll_R0013305.png', 'SIGN')]",missed,0.25061850602138724,0.636571001092955,1.0,0.9946544991012433,1.0,2584.4782644373972,35.01140506011252,70.02281012022505,64.9302421114814,29.918837051368882,29.918837051368882,61.01096183024242,31.092124778873544,28.74554932386422,2584.4782644373972,35.01140506011252,70.02281012022505,64.9302421114814,29.918837051368882,92.14980263189274,23.4661523173255,51.73405244652793
CA-6-hi,"[('2013_Validation_GEO_Carroll_R0013313.png', 'Rear'), ('2013_Validation_GEO_Carroll_R0013315.png', 'SIGN')]",missed,0.2406167861195954,0.6111666327100724,1.0,0.9977732139322106,1.0,2720.3026821925323,34.83649806447413,66.6171629653979,66.6171629653979,31.780664900923767,31.78066490092377,65.46816969590297,33.6875047949792,26.695758516775967,2720.3026821925323,34.83649806447413,66.6171629653979,66.6171629653979,31.780664900923767,91.85455110862581,24.51969188989346,54.056711515841236
CA-7-lo,"[('2013_Validation_GEO_Carroll_R0013320.png', 'Rear'), ('2013_Validation_GEO_Carroll_R0013322.png', 'SIGN')]",missed,0.2550812590822781,0.6479063937928041,1.0,0.9864444898468749,1.0,2857.267196626266,37.57857083998264,75.80504807375809,68.67807774203723,31.0995069020546,31.099506902054596,77.74876725513649,46.64926035308189,36.00995536027374,2857.267196626266,37.57857083998264,75.80504807375809,68.67807774203723,31.0995069020546,105.41529681484607,27.37488503808392,60.351340054683334
CA-7-hi,"[('2013_Validation_GEO_Carroll_R0013327.png', 'Rear'), ('2013_Validation_GEO_Carroll_R0013329.png', 'SIGN')]",missed,0.22727272727272727,0.5772727234627273,1.0,1.0,1.0,3341.2545234022655,42.140908812779095,77.35454494400545,73.8909086032291,31.74999979045,31.74999979045,73.31363587976637,41.56363608931636,31.74999979045,3341.2545234022655,42.140908812779095,77.35454494400545,73.8909086032291,31.74999979045,99.7455660931552,28.8017541392755,63.49705051957596
CA-8-lo,"[('2013_Validation_GEO_Carroll_R0013333.png', 'Rear'), ('2013_Validation_GEO_Carroll_R0013335.png', 'SIGN')]",missed,0.2702702702702703,0.6864864819556757,1.0,0.9984120430653921,1.0,2603.843226057878,33.63783761582811,72.08108060534596,65.21621578578919,31.578378169961084,31.578378169961084,72.563081752251,40.98470358228992,27.54709585039158,2603.843226057878,33.63783761582811,72.08108060534596,65.21621578578919,31.578378169961084,92.87407741117704,23.118558384481506,50.96773837387235
CA-8-hi,"[('2013_Validation_GEO_Carroll_R0013342.png', 'Rear'), ('2013_Validation_GEO_Carroll_R0013344.png', 'SIGN')]",missed,0.23471018202609797,0.5961638584116074,1.0,0.9889822260906552,1.0,2738.7767655429243,35.173667646284834,69.75117143415807,64.98186056686521,29.808192920580368,29.808192920580368,58.12597619513172,28.31778327455135,20.368931829063254,2738.7767655429243,35.173667646284834,69.75117143415807,64.98186056686521,29.808192920580368,78.81804324586949,20.838662114328496,45.94142338120711
CA-9-lo,"[('2013_Validation_GEO_Carroll_R0013349.png', 'Rear'), ('2013_Validation_GEO_Carroll_R0013351.png', 'SIGN')]",missed,0.25410195270891095,0.6454189556208687,1.0,0.989727849622878,1.0,2297.046063054672,35.49804255914778,66.47815242894947,63.896476606466,28.398434047318222,28.398434047318222,54.56953993406246,26.171105886744243,20.045953445165804,2297.046063054672,35.49804255914778,66.47815242894947,63.896476606466,28.398434047318222,76.09626592702253,16.882789587274235,37.22021020492918
CA-9-hi,"[('2013_Validation_GEO_Carroll_R0013356.png', 'Rear'), ('2013_Validation_GEO_Carroll_R0013358.png', 'SIGN')]",missed,0.2127659574468085,0.5404255283480851,1.0,0.9884607532465227,1.0,2640.5191315087436,33.50638275758128,65.93191445846638,61.06808470333362,27.56170194575234,27.56170194575234,55.12340389150468,27.56170194575234,17.656715308997594,2640.5191315087436,33.50638275758128,65.93191445846638,61.06808470333362,27.56170194575234,71.02892372724017,18.986653815282445,41.85844065874717
MDGA-1-hi,"[('2013_Validation_GEO_MDGA_R0012768.png', 'Rear'), ('2013_Validation_GEO_MDGA_R0012775.png', 'SIGN')]",missed,0.3047873816647388,0.7741599443189808,1.0,0.9744537792939371,1.0,2091.006009605567,23.224798329569424,66.57775521143235,54.19119610232866,30.966397772759233,30.966397772759233,57.075321385085644,26.10892361232641,27.323292152434615,2091.006009605567,23.224798329569424,66.57775521143235,54.19119610232866,30.966397772759233,91.56123082450799,22.754410502957608,50.16492906170657
MDGA-1-lo,"[('2013_Validation_GEO_MDGA_R0012784.png', 'Rear'), ('2013_Validation_GEO_MDGA_R0012786.png', 'SIGN')]",missed,0.2575756131673034,0.6542420531269529,1.0,0.9952610573929634,1.0,2049.7403524467436,26.16968212507812,62.15299504706053,53.647848356410144,27.478166231332022,27.478166231332022,58.00946204392316,30.531295812591136,29.310043980087492,2049.7403524467436,26.16968212507812,62.15299504706053,53.647848356410144,27.478166231332022,89.2027120053542,21.08024135986169,46.47401488531917
MDGA-2-hi,"[('2013_Validation_GEO_MDGA_R0012793.png', 'Rear'), ('2013_Validation_GEO_MDGA_R0012795.png', 'SIGN')]",missed,0.26929092735378396,0.6839989509642181,1.0,0.9956049937239357,1.0,1417.9298253488241,24.623962234711854,54.719916077137455,47.19592761653105,22.571965381819197,22.571965381819204,46.433757356885216,23.861791975066016,18.057572305455363,1417.9298253488241,24.623962234711854,54.719916077137455,47.19592761653105,22.571965381819197,63.82072855854571,9.564133840110076,21.08532302181272
MDGA-2-lo,"[('2013_Validation_GEO_MDGA_R0012799.png', 'Rear'), ('2013_Validation_GEO_MDGA_R0012803.png', 'SIGN')]",missed,0.28691309251126007,0.7287592501687895,1.0,0.9782096440032537,1.0,1362.0510385654675,25.50657375590763,51.01314751181526,50.28438826164648,24.777814505738842,24.777814505738842,46.09825954556064,21.32044503982179,15.558162596626714,1362.0510385654675,25.50657375590763,51.01314751181526,50.28438826164648,24.777814505738842,63.359604670078866,9.110070409033975,20.084283693349917
MDGA-3-hi,"[('2013_Validation_GEO_MDGA_R0012807.png', 'Rear'), ('2013_Validation_GEO_MDGA_R0012809.png', 'SIGN')]",missed,0.2388631403308193,0.6067123724359793,1.0,0.9936604889101444,1.0,1457.9298309636583,23.661782525003193,51.57055165705824,45.50342793269845,21.841645407695253,21.841645407695253,42.59120854500574,20.74956313731049,19.111439731733345,1457.9298309636583,23.661782525003193,51.57055165705824,45.50342793269845,21.841645407695253,64.3289557079331,10.26484459748608,22.63012706900933
MDGA-3-lo,"[('2013_Validation_GEO_MDGA_R0012814.png', 'Rear'), ('2013_Validation_GEO_MDGA_R0012816.png', 'SIGN')]",missed,0.2276348061917853,0.5781924039110647,1.0,0.9972727576321068,1.0,1432.1825844877073,23.705888560353653,47.989969524618374,45.67719990897412,21.97131134862046,21.97131134862046,43.94262269724092,21.97131134862046,15.929200727749835,1432.1825844877073,23.705888560353653,47.989969524618374,45.67719990897412,21.97131134862046,59.53398515320808,8.922797990132857,19.671418345413624
MDGA-4-hi,"[('2013_Validation_GEO_MDGA_R0012824.png', 'Rear'), ('2013_Validation_GEO_MDGA_R0012827.png', 'SIGN')]",missed,0.3036598949867575,0.7712961281758095,1.0,0.9968742599381909,1.0,4002.2556091042757,41.64999092149371,86.38516635569067,87.15646248386648,45.50647156237276,45.50647156237276,88.77491993315343,43.26844837078066,28.348293760166637,4002.2556091042757,41.64999092149371,86.38516635569067,87.15646248386648,45.50647156237276,116.01079408494401,37.22828972429631,82.07439664786044
MDGA-4-lo,"[('2013_Validation_GEO_MDGA_R0012831.png', 'Rear'), ('2013_Validation_GEO_MDGA_R0012833.png', 'SIGN')]",missed,0.2727249650125863,0.6927214065600079,1.0,0.9974786811341995,1.0,3851.531020473644,45.02689142640052,83.12656878720095,85.89745441344098,40.870562987040465,40.870562987040465,83.75115366196817,42.8805906749277,25.460350713238324,3851.531020473644,45.02689142640052,83.12656878720095,85.89745441344098,40.870562987040465,104.19235559334722,32.40887624997167,71.4494000114016
MDGA-5-hi,"[('2013_Validation_GEO_MDGA_R0012838.png', 'Rear'), ('2013_Validation_GEO_MDGA_R0012840.png', 'SIGN')]",missed,0.28692276473130107,0.7287838176075315,1.0,0.9908528141198829,1.0,2523.7783603748817,38.62554233319917,71.42081412553809,71.42081412553809,32.795271792338916,32.795271792338916,68.21416532806494,35.41889353572603,23.612595690484017,2523.7783603748817,38.62554233319917,71.42081412553809,71.42081412553809,32.795271792338916,88.60527104435155,20.57382490585623,45.35755680403585
MDGA-5-lo,"[('2013_Validation_GEO_MDGA_R0012846.png', 'Rear'), ('2013_Validation_GEO_MDGA_R0012848.png', 'SIGN')]",missed,0.22283539130331298,0.5660018901748025,1.0,0.9991132926496911,1.0,3036.6001407878157,39.05413042206138,69.0522306013259,70.75023627185031,31.696105849788943,31.69610584978894,71.177220153912,39.48111430412307,21.130737233192626,3036.6001407878157,39.05413042206138,69.0522306013259,70.75023627185031,31.696105849788943,82.98021107091783,23.41150024333739,51.613565149600056
MDGA-6-hi,"[('2013_Validation_GEO_MDGA_R0012856.png', 'Rear'), ('2013_Validation_GEO_MDGA_R0012858.png', 'SIGN')]",missed,0.2936116855981376,0.7457736764971632,1.0,0.9773137310737422,1.0,1757.7885555038135,28.339399706892202,58.916120443275894,56.678799413784404,28.339399706892202,28.339399706892202,47.822737005380596,19.48333729848839,20.073741459048644,1757.7885555038135,28.339399706892202,58.916120443275894,56.678799413784404,28.339399706892202,76.04718431206267,14.08563351018968,31.05353161032311
MDGA-6-lo,"[('2013_Validation_GEO_MDGA_R0012862.png', 'Rear'), ('2013_Validation_GEO_MDGA_R0012864.png', 'SIGN')]",missed,0.25688507444448005,0.6524880847825579,1.0,0.9955006858087037,1.0,2096.4442164063585,25.44703530651976,60.68139188477789,54.15651103695231,28.709475730432548,28.70947573043255,53.75391200591626,25.04443627548371,25.655276184641853,2096.4442164063585,25.44703530651976,60.68139188477789,54.15651103695231,28.709475730432548,85.3959526153147,20.639883365960255,45.503190898340925
MDGA-7-hi,"[('2013_Validation_GEO_MDGA_R0012869.png', 'Rear'), ('2013_Validation_GEO_MDGA_R0012873.png', 'SIGN')]",missed,0.24390243902439024,0.6195121910331707,1.0,0.9960341066825302,1.0,2035.7170597349989,23.541463259260485,57.61463376608487,51.419511855753164,27.87804859649268,27.878048596492675,55.75609719298535,27.878048596492675,27.214285534671422,2035.7170597349989,23.541463259260485,57.61463376608487,51.419511855753164,27.87804859649268,86.53883608778969,20.538246894577796,45.279120651549846
MDGA-7-lo,"[('2013_Validation_GEO_MDGA_R0012877.png', 'Rear'), ('2013_Validation_GEO_MDGA_R0012879.png', 'SIGN')]",missed,0.22727272727272727,0.5772727234627273,1.0,0.9960267005721551,1.0,2451.677256546203,27.131818002748183,60.036363240123634,57.14999962281,30.018181620061817,30.018181620061817,60.66174202387492,30.643560403813105,23.76439378254894,2451.677256546203,27.131818002748183,60.036363240123634,57.14999962281,30.018181620061817,84.48147188799052,23.53676381051613,51.88972426876164
MDGA-8-hi,"[('2013_Validation_GEO_MDGA_R0012883.png', 'Rear'), ('2013_Validation_GEO_MDGA_R0012885.png', 'SIGN')]",missed,0.2684274847774121,0.6818058068347083,1.0,0.9883156787161198,1.0,1643.8338002784817,25.226814852884207,56.58988196728079,50.453629705768414,25.226814852884207,25.226814852884207,46.93360902862178,21.706794175737574,18.18677349859094,1643.8338002784817,25.226814852884207,56.58988196728079,50.453629705768414,25.226814852884207,68.19390511548288,11.86886261488099,26.166384360572916
MDGA-8-lo,"[('2013_Validation_GEO_MDGA_R0012890.png', 'Rear'), ('2013_Validation_GEO_MDGA_R0012892.png', 'SIGN')]",missed,0.2564102564102564,0.6512820469835897,1.0,0.9937384552769168,1.0,1911.5128078968357,26.051281879343588,57.96410218153949,53.40512785265436,27.35384597331077,27.353845973310765,56.14736805047999,28.79352207716923,18.715789350159998,1911.5128078968357,26.051281879343588,57.96410218153949,53.40512785265436,27.35384597331077,72.36601394288829,15.691571749438834,34.594022269878735
MDGA-9-hi,"[('2013_Validation_GEO_MDGA_R0012899.png', 'Rear'), ('2013_Validation_GEO_MDGA_R0012901.png', 'SIGN')]",missed,0.2777777777777778,0.7055555508988889,1.0,0.9889770723104057,1.0,899.5833273960833,24.69444428146111,40.92222195213556,44.44999970663,19.75555542516889,19.75555542516889,44.44999970663,24.694444281461113,14.19930546184014,899.5833273960833,24.69444428146111,40.92222195213556,44.44999970663,19.75555542516889,53.33617075814549,4.3723545460086655,9.639399605832258
MDGA-9-lo,"[('2013_Validation_GEO_MDGA_R0012905.png', 'Rear'), ('2013_Validation_GEO_MDGA_R0012907.png', 'SIGN')]",missed,0.2777777777777778,0.7055555508988889,1.0,0.9875547590601353,1.0,1099.255548300469,27.516666485056668,45.15555525752889,49.38888856292222,21.872222077865555,21.87222207786555,44.35200588011626,22.479783802250704,15.79660483401401,1099.255548300469,27.516666485056668,45.15555525752889,49.38888856292222,21.872222077865555,59.17005494785316,6.267070310466042,13.816536249462164
MDGA-10-hi,"[('2013_Validation_GEO_MDGA_R0012911.png', 'Rear'), ('2013_Validation_GEO_MDGA_R0012913.png', 'SIGN')]",missed,0.24390243902439024,0.6195121910331707,1.0,0.9935935569487027,1.0,4490.843872799454,43.36585337232195,87.97073112671023,83.63414578947804,40.2682924171561,40.2682924171561,91.64507929421731,51.37678687706122,28.465517053506893,4490.843872799454,43.36585337232195,87.97073112671023,83.63414578947804,40.2682924171561,107.9668154431377,39.074766280328575,86.145183954586
MDGA-10-lo,"[('2013_Validation_GEO_MDGA_R0012919.png', 'Rear'), ('2013_Validation_GEO_MDGA_R0012921.png', 'SIGN')]",missed,0.23255813953488372,0.59069767052,1.0,0.9966197944835046,1.0,4097.07904272672,38.3953485838,81.51627853176,76.19999949708,37.80465091328,37.80465091328,78.38905557018353,40.58440465690353,26.68563593878588,4097.07904272672,38.3953485838,81.51627853176,76.19999949708,37.80465091328,101.3011057011743,36.72090157198058,80.95579633675325
MDGA-11-hi,"[('2013_Validation_GEO_MDGA_R0012926.png', 'Rear'), ('2013_Validation_GEO_MDGA_R0012929.png', 'SIGN')]",missed,0.2658295944117213,0.6752071653494048,1.0,0.9944576177831294,1.0,3272.0539232832157,42.538051417012504,81.70006700727798,76.97361684983215,34.435565432819644,34.43556543281965,80.14095228001663,45.70538684719698,23.165744018442307,3272.0539232832157,42.538051417012504,81.70006700727798,76.97361684983215,34.435565432819644,90.47992530461843,26.069777983038996,57.47406917017716
MDGA-11-lo,"[('2013_Validation_GEO_MDGA_R0012934.png', 'Rear'), ('2013_Validation_GEO_MDGA_R0012936.png', 'SIGN')]",missed,0.24015222784193435,0.6099866546926013,1.0,0.9926597882225071,1.0,3425.075066098956,43.919039137867294,79.29826511003816,77.46830514596036,33.54926600809307,33.54926600809307,83.87316502023268,50.323899012139606,25.161949506069803,3425.075066098956,43.919039137867294,79.29826511003816,77.46830514596036,33.54926600809307,92.2233616713106,26.87543022154523,59.25022976936373
MDGA-12-hi,"[('2013_Validation_GEO_MDGA_R0012942.png', 'Rear'), ('2013_Validation_GEO_MDGA_R0012945.png', 'SIGN')]",missed,0.22039201166393513,0.5597957059317435,1.0,0.9971427859526308,1.0,4275.159806200725,39.745495121153795,80.05078594823932,77.81160312451236,38.066108003358565,38.06610800335856,82.67482831979437,44.60872031643581,30.33392981517635,4275.159806200725,39.745495121153795,80.05078594823932,77.81160312451236,38.066108003358565,107.44252815798666,38.35050557892107,84.54846112568359
MDGA-12-lo,"[('2013_Validation_GEO_MDGA_R0012950.png', 'Rear'), ('2013_Validation_GEO_MDGA_R0012952.png', 'SIGN')]",missed,0.21157757350683065,0.5374070331604635,1.0,0.9993005457873275,1.0,3835.473995666228,37.618492321232445,76.31179870878582,72.0125424435021,34.39405012226966,34.39405012226966,79.90002413019567,45.505974007926014,28.573518563116334,3835.473995666228,37.618492321232445,76.31179870878582,72.0125424435021,34.39405012226966,98.90922559820967,34.264011826492634,75.53927720615143
MDGA-13-hi,"[('2013_Validation_GEO_MDGA_R0012957.png', 'Rear'), ('2013_Validation_GEO_MDGA_R0012959.png', 'SIGN')]",missed,0.23992144417802166,0.6094004641901319,1.0,0.9919053016501842,1.0,4257.271642832262,39.001629708168444,84.70666452242834,78.00325941633689,39.001629708168444,39.00162970816844,67.85215031421085,28.85052060604241,30.453327306378096,4257.271642832262,39.001629708168444,84.70666452242834,78.00325941633689,39.001629708168444,109.09959135614713,38.16613137181313,84.1419852462414
MDGA-13-lo,"[('2013_Validation_GEO_MDGA_R0012965.png', 'Rear'), ('2013_Validation_GEO_MDGA_R0012967.png', 'SIGN')]",missed,0.24390243902439024,0.6195121910331707,1.0,0.9846772303643214,1.0,4495.799970327719,41.50731679922244,86.7317067446439,82.3951214074117,40.88780460818926,40.88780460818927,74.878871089696,33.99106648150674,30.542697418165478,4495.799970327719,41.50731679922244,86.7317067446439,82.3951214074117,40.88780460818926,112.20277020411345,42.629569006396174,93.98218885341049
MO-2-hi,"[('2013_Validation_GEO_Montgomery__R0013379.png', 'Rear'), ('2013_Validation_GEO_Montgomery__R0013381.png', 'SIGN')]",missed,0.25,0.634999995809,1.0,0.9963768115942029,1.0,5264.784965252419,34.924999769495,97.154999358777,78.739999480316,43.814999710821,43.814999710821,82.8283556177164,39.013355906895406,40.213766857876806,5264.784965252419,34.924999769495,97.154999358777,78.739999480316,43.814999710821,131.9920778712163,51.43803883732104,113.40155654711953
MO-2-lo,"[('2013_Validation_GEO_Montgomery__R0013385.png', 'Rear'), ('2013_Validation_GEO_Montgomery__R0013387.png', 'SIGN')]",missed,0.22243531472877925,0.5649856956821937,1.0,0.9960418024609207,1.0,5491.09597633524,37.28905591502478,93.22263978756196,79.66298309118932,42.37392717616453,42.37392717616452,90.27488833182876,47.90096115566424,41.14569740294236,5491.095976335239,37.289055915024775,93.22263978756195,79.66298309118929,42.37392717616452,131.19231950414985,53.66984728115184,118.32185594356126
MO-3-hi,"[('2013_Validation_GEO_Montgomery__R0013391.png', 'Rear'), ('2013_Validation_GEO_Montgomery__R0013393.png', 'SIGN')]",missed,0.19191291295622273,0.4874587956915777,1.0,0.9995022896464953,1.0,4730.787612186761,33.14719810702728,81.40561888049348,69.21914898820403,36.07195088117675,36.07195088117675,71.64976544891272,35.57781456773597,30.142315119887417,4730.787612186761,33.14719810702728,81.40561888049348,69.21914898820403,36.07195088117675,104.00912581589179,44.977160418612485,99.1577462093963
MO-3-lo,"[('2013_Validation_GEO_Montgomery__R0013398.png', 'Rear'), ('2013_Validation_GEO_Montgomery__R0013400.png', 'SIGN')]",missed,0.20460158441661222,0.5196880209882541,1.0,0.9868791346975888,1.0,4457.364156016255,31.7009692802835,84.70914742108542,66.52006668649652,34.819097406213025,34.81909740621302,58.16371953083311,23.344622124620095,26.509994616094005,4457.364156016255,31.7009692802835,84.70914742108542,66.52006668649652,34.819097406213025,96.33551247430607,40.709116300381865,89.74831191992334
MO-4-hi,"[('2013_Validation_GEO_Montgomery__R0013405.png', 'Rear'), ('2013_Validation_GEO_Montgomery__R0013407.png', 'SIGN')]",missed,0.1969656748931804,0.5002928109267456,1.0,0.9956198654902761,1.0,3654.13869100895,33.01932552116521,75.04392163901184,64.03747979862344,31.018154277458226,31.01815427745823,69.6784625073337,38.660308229875476,27.871385002933483,3654.13869100895,33.01932552116521,75.04392163901184,64.03747979862344,31.018154277458226,92.50347198828308,32.64168734424111,71.96266103511772
MO-4-lo,"[('2013_Validation_GEO_Montgomery__R0013412.png', 'Rear'), ('2013_Validation_GEO_Montgomery__R0013414.png', 'SIGN')]",missed,0.22789536099094979,0.5788542130965746,1.0,1.0,1.0,3567.4785153141893,35.31010699889105,76.98761034184442,69.46250557158895,34.1523985726979,34.1523985726979,67.14708871920266,32.99469014650475,25.46958537624928,3567.4785153141893,35.31010699889105,76.98761034184442,69.46250557158895,34.1523985726979,93.65399338323051,31.733716506452936,69.96092635331517
MO-5-hi,"[('2013_Validation_GEO_Montgomery__R0013418.png', 'Rear'), ('2013_Validation_GEO_Montgomery__R0013420.png', 'SIGN')]",missed,0.23838465442436677,0.6054970182416112,1.0,0.9807520626973303,1.0,4186.4063841225,35.72432407625506,85.98057659030879,73.26513920723495,37.540815130979894,37.540815130979894,79.60462003677664,42.06380490579675,38.445413085943265,4186.4063841225,35.72432407625506,85.98057659030879,73.26513920723495,37.540815130979894,119.35888817014163,43.141257582719994,95.11026998430306
MO-5-lo,"[('2013_Validation_GEO_Montgomery__R0013425.png', 'Rear'), ('2013_Validation_GEO_Montgomery__R0013427.png', 'SIGN')]",missed,0.23809523809523808,0.6047619007704762,1.0,0.982627459585985,1.0,4181.323781927073,40.51904735162191,85.87618990940761,78.01428519939142,37.49523784776952,37.49523784776952,74.99047569553905,37.49523784776952,36.10652533488917,4181.323781927073,40.51904735162191,85.87618990940761,78.01428519939142,37.49523784776952,115.61337925294812,38.475854815972475,84.82480911473853
MO-6-hi,"[('2013_Validation_GEO_Montgomery__R0013431.png', 'Rear'), ('2013_Validation_GEO_Montgomery__R0013433.png', 'SIGN')]",missed,0.21739130434782608,0.5521739093991304,1.0,0.9977495724187596,1.0,4070.626060090389,35.33913020154434,82.27391250047042,70.12608649368956,34.78695629214521,34.78695629214521,69.04683748895489,34.25988119680968,31.624505720132014,4070.626060090389,35.33913020154434,82.27391250047042,70.12608649368956,34.78695629214521,104.31888058596388,38.92941821743119,85.82474606569603
MO-6-lo,"[('2013_Validation_GEO_Montgomery__R0013441.png', 'Rear'), ('2013_Validation_GEO_Montgomery__R0013443.png', 'SIGN')]",missed,0.21494836734307324,0.5459688494480116,1.0,0.9978342437207757,1.0,4061.4622710437584,33.30409981632871,80.80338971830572,68.24610618100145,34.94200636467274,34.942006364672736,65.19031038185211,30.248304017179382,28.683736568014933,4061.4622710437584,33.30409981632871,80.80338971830572,68.24610618100145,34.94200636467274,99.94308328826214,39.00201863125087,85.98480271091833
MO-7-hi,"[('2013_Validation_GEO_Montgomery__R0013447.png', 'Rear'), ('2013_Validation_GEO_Montgomery__R0013449.png', 'SIGN')]",missed,0.23809523809523808,0.6047619007704762,1.0,0.9908565576768342,1.0,3975.09997376434,29.028571236982856,81.64285660401428,66.52380908475239,37.49523784776952,37.49523784776952,80.19814761884037,42.70290977107084,34.891401886118864,3975.09997376434,29.028571236982856,81.64285660401428,66.52380908475239,37.49523784776952,113.70466780301737,44.51230086145363,98.13290547772807
MO-7-lo,"[('2013_Validation_GEO_Montgomery__R0013453.png', 'Rear'), ('2013_Validation_GEO_Montgomery__R0013455.png', 'SIGN')]",missed,0.18837814953162363,0.4784804966523527,1.0,0.9995268489703872,1.0,4847.485911584985,32.53667377235998,82.29864542420466,68.42271102128643,35.886037248926456,35.88603724892645,70.3555203959216,34.469483146995145,33.99729844635137,4847.485911584985,32.53667377235998,82.29864542420466,68.42271102128643,35.886037248926456,109.7724870143171,48.81871668736459,107.62693497099727
MO-8-hi,"[('2013_Validation_GEO_Montgomery__R0013459.png', 'Rear'), ('2013_Validation_GEO_Montgomery__R0013461.png', 'SIGN')]",missed,0.21739130434782608,0.5521739093991304,1.0,0.9918984607075344,1.0,4948.030402125607,36.99565192974173,90.00434723205825,75.64782558768086,38.65217365793912,38.65217365793913,74.94750745868684,36.29533380074772,31.110286114926616,4948.030402125607,36.99565192974173,90.00434723205825,75.64782558768086,38.65217365793912,109.58261555939426,44.60607912990416,98.33965133843665
MO-8-lo,"[('2013_Validation_GEO_Montgomery__R0013466.png', 'Rear'), ('2013_Validation_GEO_Montgomery__R0013469.png', 'SIGN')]",missed,0.22611946143434183,0.5743434282525616,1.0,0.9883795429910552,1.0,4525.251871201933,33.886262266901134,87.30020109438937,71.7929285315702,37.90666626466906,37.90666626466907,69.72954658562581,31.82288032095675,30.4189297185616,4525.251871201933,33.886262266901134,87.30020109438937,71.7929285315702,37.90666626466906,107.32559519653087,43.781862270991304,96.52256272375021
MO-9-hi,"[('2013_Validation_GEO_Montgomery__R0013473.png', 'Rear'), ('2013_Validation_GEO_Montgomery__R0013475.png', 'SIGN')]",missed,0.19607843137254902,0.49803921239921567,1.0,0.9907944398416644,1.0,5054.10192742724,39.84313699193726,90.64313665665725,75.20392107228156,35.36078408034431,35.36078408034432,61.47954504878045,26.118760968436142,27.324242243902425,5054.10192742724,39.84313699193726,90.64313665665725,75.20392107228156,35.36078408034431,98.46540909516817,40.34959221389918,88.95569633921934
MO-9-lo,"[('2013_Validation_GEO_Montgomery__R0013482.png', 'Rear'), ('2013_Validation_GEO_Montgomery__R0013484.png', 'SIGN')]",missed,0.23809523809523808,0.6047619007704762,1.0,0.9928140270192584,1.0,5260.823774802372,35.68095214545809,94.34285652019429,78.61904710016191,42.93809495470381,42.93809495470381,77.28857091846686,34.350475963763046,26.83630934668988,5260.823774802372,35.68095214545809,94.34285652019429,78.61904710016191,42.93809495470381,109.60137798093123,49.4852345115287,109.09635644263722
MO-10-hi,"[('2013_Validation_GEO_Montgomery__R0013488.png', 'Rear'), ('2013_Validation_GEO_Montgomery__R0013491.png', 'SIGN')]",missed,0.1866445322473456,0.47407710877934883,1.0,0.9981169631666038,1.0,4876.831218013162,32.71132050577507,83.91164825394475,67.79302655544689,35.081706049671816,35.08170604967182,62.0676337801886,26.985927730516785,26.086396806166224,4876.831218013162,32.71132050577507,83.91164825394475,67.79302655544689,35.081706049671816,96.08263128296282,45.04194087873461,99.30056279373227
MO-10-lo,"[('2013_Validation_GEO_Montgomery__R0013495.png', 'Rear'), ('2013_Validation_GEO_Montgomery__R0013497.png', 'SIGN')]",missed,0.19870617827766957,0.5047136894941703,1.0,0.9930635960984551,1.0,5132.938222155712,34.82524457509775,88.3248956614798,72.17405759766635,37.3488130225686,37.348813022568606,70.8339557324577,33.48514270988909,27.045692188756576,5132.938222155712,34.82524457509775,88.3248956614798,72.17405759766635,37.3488130225686,101.15065225172441,47.02444778845811,103.67124594009178
MO-11-hi,"[('2013_Validation_GEO_Montgomery__R0013501.png', 'Rear'), ('2013_Validation_GEO_Montgomery__R0013503.png', 'SIGN')]",missed,0.1955548248242969,0.496709251775433,1.0,0.9913821544761552,1.0,4182.291899949146,32.782810617178576,75.00309701809039,68.04916749323432,35.266356876055745,35.266356876055745,62.02014485099458,26.75378797493884,25.53770670335071,4182.291899949146,32.782810617178576,75.00309701809039,68.04916749323432,35.266356876055745,95.51079972473501,39.27028911643248,86.57623837376427
MO-11-lo,"[('2013_Validation_GEO_Montgomery__R0013510.png', 'Rear'), ('2013_Validation_GEO_Montgomery__R0013512.png', 'SIGN')]",missed,0.1751810223054016,0.4449597937189854,1.0,0.9957269329577769,1.0,5079.661005095938,34.70686391008086,81.87260204429332,69.8586876138807,35.15182370379985,35.151823703799856,70.69422322653082,35.54239952273096,24.6062765926599,5079.661005095938,34.70686391008086,81.87260204429332,69.8586876138807,35.15182370379985,93.86780444192,45.09107354728408,99.40888187464525
MO-12-hi,"[('2013_Validation_GEO_Montgomery__R0013516.png', 'Rear'), ('2013_Validation_GEO_Montgomery__R0013519.png', 'SIGN')]",missed,0.250138072887981,0.6353507009421571,1.0,0.9755589626921434,1.0,4470.96288252996,32.40288574805001,88.94909813190199,73.06533060834806,40.66244486029805,40.66244486029805,70.81661745332808,30.15417259303002,37.007393636900474,4470.96288252996,32.40288574805001,88.94909813190199,73.06533060834806,40.66244486029805,122.0034970141523,48.20107043173353,106.26525695279796
MO-12-lo,"[('2013_Validation_GEO_Montgomery__R0013524.png', 'Rear'), ('2013_Validation_GEO_Montgomery__R0013526.png', 'SIGN')]",missed,0.2857142857142857,0.7257142809245714,1.0,0.9823129251700681,1.0,4548.051398554288,37.73714260807771,96.519999362968,81.27999946355199,43.542856855474284,43.542856855474284,77.54207385221447,33.999216996740195,41.753424381961636,4548.051398554288,37.73714260807771,96.519999362968,81.27999946355199,43.542856855474284,133.9830852570288,45.404477850642756,100.09982065522046
MO-13-hi,"[('2013_Validation_GEO_Montgomery__R0013530.png', 'Rear'), ('2013_Validation_GEO_Montgomery__R0013532.png', 'SIGN')]",missed,0.22809532175054179,0.5793621134225861,1.0,0.9683311016842276,1.0,4897.927306874543,32.44427835166482,90.38048969392344,72.42026417782327,39.97598582615844,39.975985826158436,63.385346895530496,23.409361069372057,30.252097381957736,4897.927306874543,32.44427835166482,90.38048969392344,72.42026417782327,39.97598582615844,110.31401514115524,48.7977680335711,107.58075105727417
MO-13-lo,"[('2013_Validation_GEO_Montgomery__R0013536.png', 'Rear'), ('2013_Validation_GEO_Montgomery__R0013538.png', 'SIGN')]",missed,0.2537911495487081,0.6446295155991637,1.0,0.9687709345021795,1.0,4644.555659891975,31.58684626435902,89.60350266828375,74.13239429390383,42.545548029544804,42.5455480295448,70.76453396750819,28.21898593796339,36.90175084195212,4644.555659891975,31.58684626435902,89.60350266828375,74.13239429390383,42.545548029544804,124.79552524112368,50.303521328022086,110.90037154099298
MO-14-hi,"[('2013_Validation_GEO_Montgomery__R0013542.png', 'Rear'), ('2013_Validation_GEO_Montgomery__R0013544.png', 'SIGN')]",missed,0.17256917440464412,0.4383257000948464,1.0,0.9928695487432407,1.0,4424.0212910572845,31.997776106923787,79.3369517171672,63.11890081365788,31.121124706734093,31.121124706734093,63.303196846652305,32.18207213991821,26.877334973997627,4424.0212910572845,31.997776106923787,79.3369517171672,63.11890081365788,31.121124706734093,91.10376742625529,41.383779952624955,91.23569188306882
MO-14-lo,"[('2013_Validation_GEO_Montgomery__R0013548.png', 'Rear'), ('2013_Validation_GEO_Montgomery__R0013550.png', 'SIGN')]",missed,0.23200008920901868,0.5892802227016579,1.0,0.9884071295461246,1.0,4331.798917079887,31.82113202588953,84.85635206903873,70.12434650149729,38.30321447560777,38.30321447560776,78.06098139965633,39.75776692404856,38.30321447560776,4331.798917079887,31.82113202588953,84.85635206903873,70.12434650149729,38.30321447560777,120.33309720544358,47.281988516065134,104.23902651736613
MO-15-hi,"[('2013_Validation_GEO_Montgomery__R0013554.png', 'Rear'), ('2013_Validation_GEO_Montgomery__R0013557.png', 'SIGN')]",missed,0.22116085828069165,0.5617485763254162,1.0,0.9929112861977606,1.0,4657.457446314025,32.58141742687414,85.94753217778867,71.34206919332786,38.76065176645372,38.76065176645372,67.70848030089384,28.94782853444012,33.36359898884624,4657.457446314025,32.58141742687414,85.94753217778867,71.34206919332786,38.76065176645372,113.29250815925923,48.567326854298045,107.07271480603283
MO-15-lo,"[('2013_Validation_GEO_Montgomery__R0013563.png', 'Rear'), ('2013_Validation_GEO_Montgomery__R0013565.png', 'SIGN')]",missed,0.22727272727272727,0.5772727234627273,1.0,0.9776427778463057,1.0,4738.254514182066,31.74999979045,90.05454486018546,70.42727226245273,38.67727247200273,38.67727247200273,64.05923253175452,25.381960059751787,29.813730863835435,4738.254514182066,31.74999979045,90.05454486018546,70.42727226245273,38.67727247200273,107.5854164584316,47.63387028390426,105.0147936557617
MO-16-hi,"[('2013_Validation_GEO_Montgomery__R0013570.png', 'Rear'), ('2013_Validation_GEO_Montgomery__R0013573.png', 'SIGN')]",missed,0.24193548387096778,0.6145161249764517,1.0,0.9916381745205887,1.0,3729.498362482085,36.25645137361065,84.80322524675033,70.66935437229195,34.4129029986813,34.4129029986813,71.51431404413457,37.101411045453276,27.422782077074157,3729.498362482085,36.25645137361065,84.80322524675033,70.66935437229195,34.4129029986813,97.13126698184269,33.00518918146468,72.76404606224246
MO-16-lo,"[('2013_Validation_GEO_Montgomery__R0013578.png', 'Rear'), ('2013_Validation_GEO_Montgomery__R0013580.png', 'SIGN')]",missed,0.2818407509015831,0.7158755025652428,1.0,0.9641767293336928,1.0,3354.5926050207277,37.94140163595787,83.75743380013341,74.45105226678525,36.50965063082738,36.50965063082737,79.4331588049082,42.92350817408084,30.58916674474726,3354.5926050207277,37.94140163595787,83.75743380013341,74.45105226678525,36.50965063082738,105.39857586583423,30.801300984033215,67.90530032283024
MO-17-hi,"[('2013_Validation_GEO_Montgomery__R0013585.png', 'Rear'), ('2013_Validation_GEO_Montgomery__R0013588.png', 'SIGN')]",missed,0.3225806451612903,0.8193548333019355,1.0,0.9799887937244857,1.0,3680.5419111922943,32.77419333207742,90.1290316632129,75.38064466377807,42.60645133170065,42.60645133170064,76.27929190030277,33.67284056860212,43.2936521596313,3680.5419111922943,32.77419333207742,90.1290316632129,75.38064466377807,42.60645133170065,134.93156703548567,41.27452122829416,90.99481743129104
MO-17-lo,"[('2013_Validation_GEO_Montgomery__R0013593.png', 'Rear'), ('2013_Validation_GEO_Montgomery__R0013595.png', 'SIGN')]",missed,0.2510548327222102,0.6376792709057306,1.0,0.9786516272629562,1.0,4098.364674111131,33.797001358003726,84.17366375955645,73.33311615415901,39.536114796155296,39.536114796155296,78.5958908598268,39.0597760636715,36.20174366876871,4098.364674111131,33.797001358003726,84.17366375955645,73.33311615415901,39.536114796155296,118.96874987601439,42.10434404220316,92.82426507126043
State-1-hi,"[('2013_Validation_GEO_State_R0013605.png', 'Rear'), ('2013_Validation_GEO_State_R0013607.png', 'SIGN')]",missed,0.28386780715952326,0.7210242254264292,1.0,0.9960692228321192,1.0,2112.6009804994374,25.95687211535145,65.61320451380506,55.51886535783505,29.561993242483595,29.561993242483588,56.374033625201264,26.812040382717676,24.06208752295176,2112.6009804994374,25.95687211535145,65.61320451380506,55.51886535783505,29.561993242483595,84.2325090940987,19.817805334239164,43.690817594311994
State-1-lo,"[('2013_Validation_GEO_State_R0013614.png', 'Rear'), ('2013_Validation_GEO_State_R0013617.png', 'SIGN')]",missed,0.23318624774236035,0.592293065356461,1.0,0.995649933909107,1.0,2511.914890176751,25.468601810327822,63.967651058497786,55.08325507815087,29.614653267823048,29.61465326782305,58.68088703068642,29.066233762863366,24.678877723185877,2511.914890176751,25.468601810327822,63.967651058497786,55.08325507815087,29.614653267823048,85.28407904940171,24.950454884130203,55.00638213224705
State-2-hi,"[('2013_Validation_GEO_State_R0013621.png', 'Rear'), ('2013_Validation_GEO_State_R0013623.png', 'SIGN')]",missed,0.2222222222222222,0.564444440719111,1.0,1.0,1.0,4021.666640123666,42.89777749465244,81.27999946355199,78.45777725995643,35.55999976530399,35.55999976530399,78.45777725995643,42.89777749465244,26.528888713798217,4021.666640123666,42.89777749465244,81.27999946355199,78.45777725995643,35.55999976530399,97.52899795775174,33.25218303744577,73.30857474877372
State-2-lo,"[('2013_Validation_GEO_State_R0013630.png', 'Rear'), ('2013_Validation_GEO_State_R0013632.png', 'SIGN')]",missed,0.19607843137254902,0.49803921239921567,1.0,0.9947333217466412,1.0,4397.188206272675,41.337254629134904,76.6980387094792,77.69411713427765,36.35686250514274,36.35686250514275,80.21593473356893,43.85907222842617,28.277559726222137,4397.188206272675,41.337254629134904,76.6980387094792,77.69411713427765,36.35686250514274,101.52751302553837,37.08125504559843,81.75024040458922
State-3-hi,"[('2013_Validation_GEO_State_R0013636.png', 'Rear'), ('2013_Validation_GEO_State_R0013638.png', 'SIGN')]",missed,0.23231737610682288,0.5900861314167616,1.0,0.9977511931982851,1.0,2268.8811752974484,37.17542627925598,60.18878540450968,65.49956058726053,28.324134308004556,28.324134308004556,67.73162551914133,39.40749121113677,20.3194876557424,2268.8811752974484,37.17542627925598,60.18878540450968,65.49956058726053,28.324134308004556,76.40922270265327,17.030121138309713,37.545020940205546
State-3-lo,"[('2013_Validation_GEO_State_R0013642.png', 'Rear'), ('2013_Validation_GEO_State_R0013644.png', 'SIGN')]",missed,0.19230769230769232,0.4884615352376923,1.0,0.9980535658673311,1.0,2754.9230587405846,36.634615142826924,61.54615343994923,64.47692265137539,27.842307508548462,27.84230750854846,65.42942264508888,37.58711513654042,24.594038299217807,2754.9230587405846,36.634615142826924,61.54615343994923,64.47692265137539,27.842307508548462,82.36681938538622,22.797504719256835,50.25993562332853
State-4-hi,"[('2013_Validation_GEO_State_R0013647.png', 'Rear'), ('2013_Validation_GEO_State_R0013649.png', 'SIGN')]",missed,0.22310537793716037,0.5666876562202487,1.0,0.9992458180353866,1.0,4053.516804943439,39.66813593541741,78.20289655839433,77.06952124595384,37.40138531053642,37.40138531053641,77.10439433249046,39.70300902195404,23.59164304203066,4053.516804943439,39.66813593541741,78.20289655839433,77.06952124595384,37.40138531053642,95.80762489630935,35.24992724784815,77.71285042030756
State-4-lo,"[('2013_Validation_GEO_State_R0013653.png', 'Rear'), ('2013_Validation_GEO_State_R0013655.png', 'SIGN')]",missed,0.194708082341827,0.4945585258841543,1.0,0.9979507439281496,1.0,4397.6144121619,42.53203322603727,75.66745446027561,79.12936414146469,36.59733091542741,36.59733091542741,77.8866273328327,41.28929641740529,22.990630959691583,4397.6144121619,42.53203322603727,75.66745446027561,79.12936414146469,36.59733091542741,93.60055163463126,35.53768588963429,78.3472501491082
State-5-hi,"[('2013_Validation_GEO_State_R0013658.png', 'Rear'), ('2013_Validation_GEO_State_R0013660.png', 'SIGN')]",missed,0.2572990082155005,0.6535394765540107,1.0,0.9873228719859974,1.0,2291.3094047983614,38.55882911668663,62.08625027263101,69.27518451472513,30.716355398038502,30.71635539803851,69.66030599198018,38.94395059394168,21.391747509348246,2291.3094047983614,38.55882911668663,62.08625027263101,69.27518451472513,30.716355398038502,81.85121664317359,17.67806750096523,38.97349931428515
State-5-lo,"[('2013_Validation_GEO_State_R0013665.png', 'Rear'), ('2013_Validation_GEO_State_R0013667.png', 'SIGN')]",missed,0.2,0.5079999966472,1.0,0.996,1.0,2896.107980885687,40.1319997351288,61.467999594311195,70.6119995339608,30.479999798831997,30.479999798832,69.73454499429745,39.254545195465454,24.014545296049455,2896.107980885687,40.1319997351288,61.467999594311195,70.6119995339608,30.479999798831997,85.59983126539863,22.434675459133157,49.46003337610266
State-6-hi,"[('2013_Validation_GEO_State_R0013671.png', 'Rear'), ('2013_Validation_GEO_State_R0013673.png', 'SIGN')]",missed,0.22727272727272727,0.5772727234627273,1.0,0.9990434649525558,1.0,3011.0545255815855,45.604545153555456,71.00454498591546,76.77727222054273,31.172727066987274,31.172727066987267,71.98066068195241,40.80793361496515,19.83718995171917,3011.0545255815855,45.604545153555456,71.00454498591546,76.77727222054273,31.172727066987274,80.12619028309655,21.3333059280349,47.03192721219708
State-6-lo,"[('2013_Validation_GEO_State_R0013677.png', 'Rear'), ('2013_Validation_GEO_State_R0013679.png', 'SIGN')]",missed,0.20833333333333334,0.5291666631741667,1.0,1.0,1.0,3359.14997782961,44.44999970663,72.49583285486084,75.67083283390583,31.220833127275835,31.220833127275835,82.02083279199584,50.799999664720005,23.812499842837504,3359.14997782961,44.44999970663,72.49583285486084,75.67083283390583,31.220833127275835,86.44615728073451,24.52356305074684,54.065245971593065
State-7-hi,"[('2013_Validation_GEO_State_R0013683.png', 'Rear'), ('2013_Validation_GEO_State_R0013685.png', 'SIGN')]",missed,0.234375,0.5953124960709375,1.0,0.9893680695564516,1.0,3999.9046611006293,39.29062474068188,82.15312445778937,76.19999949708,36.90937475639812,36.90937475639813,68.83099616733705,31.921621410938922,24.439991392750112,3999.9046611006293,39.29062474068188,82.15312445778937,76.19999949708,36.90937475639812,96.36735899827723,35.39985506429502,78.04338494571117
State-7-lo,"[('2013_Validation_GEO_State_R0013689.png', 'Rear'), ('2013_Validation_GEO_State_R0013691.png', 'SIGN')]",missed,0.18525527864190602,0.4705484046448218,1.0,0.9942057956176497,1.0,5121.919384558885,43.761001631968426,84.69871283606793,79.9932287896197,36.23222715765128,36.23222715765128,76.49025733281937,40.25803017516809,26.97288021736262,5121.919384558885,43.761001631968426,84.69871283606793,79.9932287896197,36.23222715765128,99.28235049934885,40.6057677193193,89.52046711432146
State-8-hi,"[('2013_Validation_GEO_State_R0013695.png', 'Rear'), ('2013_Validation_GEO_State_R0013697.png', 'SIGN')]",missed,0.20288735867892888,0.5153338876432757,1.0,0.9963247071150256,1.0,2991.5132177692153,37.61937379795913,68.0240731689124,66.47807150598257,28.85869770802344,28.85869770802344,73.56138631456955,44.70268860654611,21.502559076566484,2991.5132177692153,37.61937379795913,68.0240731689124,66.47807150598257,28.85869770802344,79.10727717000842,22.688476739905486,50.01956987756726
State-8-lo,"[('2013_Validation_GEO_State_R0013701.png', 'Rear'), ('2013_Validation_GEO_State_R0013703.png', 'SIGN')]",missed,0.20645536882483292,0.5243966333540578,1.0,1.0,1.0,2815.4855244779365,37.2321609681381,67.64716570267346,65.02518253590317,27.793021567765066,27.793021567765066,67.64716570267346,39.854144134908395,22.024658600870428,2815.4855244779365,37.2321609681381,67.64716570267346,65.02518253590317,27.793021567765066,78.2534290183356,20.897045960919343,46.07013783514555
State-9-hi,"[('2013_Validation_GEO_State_R0013708.png', 'Rear'), ('2013_Validation_GEO_State_R0013710.png', 'SIGN')]",missed,0.1994021020142647,0.5064813357734554,1.0,0.9957014920770046,1.0,5121.539267341182,47.609245562704814,88.12775242458125,85.08886440994051,37.479618847235706,37.4796188472357,76.3304432620532,38.850824414817495,22.85342612636323,5121.539267341182,47.609245562704814,88.12775242458125,85.08886440994051,37.479618847235706,94.7709254288805,37.47692075511116,82.62253469001031
State-9-lo,"[('2013_Validation_GEO_State_R0013714.png', 'Rear'), ('2013_Validation_GEO_State_R0013717.png', 'SIGN')]",missed,0.19625715598866797,0.4984931729211617,1.0,0.9918626328288535,1.0,5031.291594293285,45.36287873582572,90.22726429873026,80.75589401322819,35.39301527740248,35.393015277402476,77.78232427243103,42.38930899502855,23.458161288510944,5031.291594293285,45.36287873582572,90.22726429873026,80.75589401322819,35.39301527740248,92.44321197729471,36.99682324953843,81.56410000515537
State-10-hi,"[('2013_Validation_GEO_State_R0013721.png', 'Rear'), ('2013_Validation_GEO_State_R0013723.png', 'SIGN')]",missed,0.23809523809523808,0.6047619007704762,1.0,0.9901409839298038,1.0,4686.29996907042,38.70476164931048,86.4809518101781,80.43333280247333,41.72857115316286,41.728571153162854,73.66895894941096,31.94038779624811,28.33421498054268,4686.29996907042,38.70476164931048,86.4809518101781,80.43333280247333,41.72857115316286,110.05436710384107,44.14479892375897,97.32270173142156
State-10-lo,"[('2013_Validation_GEO_State_R0013730.png', 'Rear'), ('2013_Validation_GEO_State_R0013732.png', 'SIGN')]",missed,0.21919697734539237,0.5567603187826785,1.0,0.9890177565994613,1.0,4805.398311413298,37.85970167722214,87.41137004888053,76.83292399200964,38.9732223147875,38.97322231478749,70.24243556734955,31.269213252562057,25.831089208638222,4805.398311413298,37.85970167722214,87.41137004888053,76.83292399200964,38.9732223147875,101.79437450146929,43.25988288433979,95.37179422110573
State-11-hi,"[('2013_Validation_GEO_State_R0013737.png', 'Rear'), ('2013_Validation_GEO_State_R0013739.png', 'SIGN')]",missed,0.278319778536685,0.7069322328174271,1.0,0.9900689872917039,1.0,2121.503630685099,37.46740833932364,69.27935881610786,65.0377654192033,27.570357079879656,27.57035707987966,66.41949660152827,38.84913952164861,21.930965858995183,2121.503630685099,37.46740833932364,69.27935881610786,65.0377654192033,27.570357079879656,77.75649624387256,15.404385352880833,33.960884126882384
State-11-lo,"[('2013_Validation_GEO_State_R0013748.png', 'Rear'), ('2013_Validation_GEO_State_R0013750.png', 'SIGN')]",missed,0.1793982210187397,0.4556714783801671,1.0,0.9982758720515346,1.0,2805.5692923866886,34.17536087851253,63.79400697322339,59.69296366780189,25.517602789289356,25.517602789289356,68.84938111072411,43.331778321434754,23.11028177143187,2805.5692923866886,34.17536087851253,63.79400697322339,59.69296366780189,25.517602789289356,76.38450244778716,21.722037177037507,47.88893361663677
State-12-hi,"[('2013_Validation_GEO_State_R0013755.png', 'Rear'), ('2013_Validation_GEO_State_R0013757.png', 'SIGN')]",missed,0.23992596766787447,0.6094119538542823,1.0,0.9979801940364433,1.0,3710.0999750648703,49.971780216051144,82.88002572418239,84.70826158574523,34.73648136969409,34.73648136969409,86.52541722996527,51.78893586027119,26.526040318675484,3710.0999750648703,49.971780216051144,82.88002572418239,84.70826158574523,34.73648136969409,96.23094403828361,27.35729997893628,60.312571603856064
State-12-lo,"[('2013_Validation_GEO_State_R0013761.png', 'Rear'), ('2013_Validation_GEO_State_R0013763.png', 'SIGN')]",missed,0.2271775376545746,0.5770309418342152,1.0,0.9951615968486129,1.0,4118.269831870794,45.585444404903,81.93839374045857,82.51542468229277,36.929980277389774,36.929980277389774,85.9940969316362,49.06411665424642,27.96127078145226,4118.269831870794,45.585444404903,81.93839374045857,82.51542468229277,36.929980277389774,101.93093880435451,34.53396242684729,76.13441689193657
State-13-hi,"[('2013_Validation_GEO_State_R0013767.png', 'Rear'), ('2013_Validation_GEO_State_R0013769.png', 'SIGN')]",missed,0.2631578947368421,0.6684210482199999,1.0,0.9974351082384323,1.0,3571.3736606394596,46.78947337539999,84.22105207572,82.88420997927999,36.094736603879994,36.094736603879994,91.62510060984921,55.530364005969226,31.929959303432305,3571.3736606394596,46.78947337539999,84.22105207572,82.88420997927999,36.094736603879994,106.85294246254598,29.056345215596664,64.05832822359447
State-13-lo,"[('2013_Validation_GEO_State_R0013773.png', 'Rear'), ('2013_Validation_GEO_State_R0013775.png', 'SIGN')]",missed,0.23809523809523808,0.6047619007704762,1.0,0.9954282788384171,1.0,3946.0714025273573,44.14761875624476,81.03809470324381,81.64285660401428,37.49523784776952,37.495237847769516,81.70604068319925,44.21080283542973,24.623738288087445,3946.0714025273573,44.14761875624476,81.03809470324381,81.64285660401428,37.49523784776952,97.57625953846396,33.36824382341921,73.56444519175649
State-14-hi,"[('2013_Validation_GEO_State_R0013779.png', 'Rear'), ('2013_Validation_GEO_State_R0013781.png', 'SIGN')]",missed,0.2166898212803285,0.5503921424194462,1.0,0.9990793239481078,1.0,2733.24737925497,41.279410681458465,68.24862566001133,69.34940994485022,28.069999263391757,28.069999263391754,66.93615208962649,38.86615282623474,21.052499447543816,2733.24737925497,41.279410681458465,68.24862566001133,69.34940994485022,28.069999263391757,77.16144053812464,19.14687231180852,42.21166226875368
State-14-lo,"[('2013_Validation_GEO_State_R0013786.png', 'Rear'), ('2013_Validation_GEO_State_R0013789.png', 'SIGN')]",missed,0.21044482061085065,0.5345298408236637,1.0,0.9958219790073648,1.0,2736.792785017158,41.69332758424577,65.74717042131064,70.02340914789995,28.33008156365418,28.330081563654172,65.45225740568378,37.122175842029606,21.491786013806614,2736.792785017158,41.69332758424577,65.74717042131064,70.02340914789995,28.33008156365418,78.26000658473716,19.050856365794132,41.99998316944332
State-15-hi,"[('2013_Validation_GEO_State_R0013794.png', 'Rear'), ('2013_Validation_GEO_State_R0013796.png', 'SIGN')]",missed,0.24831553153291058,0.6307214459308313,1.0,0.9886955560799134,1.0,4160.869378805694,41.62761543143487,88.30100243031639,79.47090218728475,37.84328675584988,37.843286755849874,76.21957755051454,38.37629079466466,25.584193863109775,4160.869378805694,41.62761543143487,88.30100243031639,79.47090218728475,37.84328675584988,99.6316535741163,34.975975209102984,77.10888906573085
State-15-lo,"[('2013_Validation_GEO_State_R0013801.png', 'Rear'), ('2013_Validation_GEO_State_R0013803.png', 'SIGN')]",missed,0.21564805760530328,0.5477460627023463,1.0,0.99738005156344,1.0,4886.990371430334,42.72419289078301,87.63937003237541,81.61416334264959,38.88997045186659,38.88997045186658,78.81700678244961,39.92703633058302,28.51931166470216,4886.990371430334,42.72419289078301,87.63937003237541,81.61416334264959,38.88997045186659,105.88625274058708,41.72141770167687,91.98005630980457
State-16-hi,"[('2013_Validation_GEO_State_R0013807.png', 'Rear'), ('2013_Validation_GEO_State_R0013809.png', 'SIGN')]",missed,0.24179905194892282,0.6141695878967446,1.0,0.9835562176965443,1.0,4383.328348819066,44.83437991646235,87.21208148133773,84.141233541854,39.30685362539165,39.30685362539166,82.44852223862641,43.14166861323475,29.240464282303552,4383.328348819066,44.83437991646235,87.21208148133773,84.141233541854,39.30685362539165,107.67387518104968,36.38936769039778,80.2248886452975
State-16-lo,"[('2013_Validation_GEO_State_R0013813.png', 'Rear'), ('2013_Validation_GEO_State_R0013815.png', 'SIGN')]",missed,0.22395162568339272,0.5688371254814925,1.0,0.9899691338707531,1.0,4596.7728110159405,42.662784411111936,83.61905744577939,82.4813831948164,39.81859878370447,39.818598783704466,80.11122850531018,40.292629721605714,29.389918149877108,4596.7728110159405,42.662784411111936,83.61905744577939,82.4813831948164,39.81859878370447,108.71248418219233,39.83375517583133,87.81846940825969
State-18-hi,"[('2013_Validation_GEO_State_R0013820.png', 'Rear'), ('2013_Validation_GEO_State_R0013822.png', 'SIGN')]",missed,0.2857142857142857,0.7257142809245714,1.0,1.0,1.0,4172.131401035361,39.18857116992685,88.53714227279771,82.73142802540113,43.542856855474284,43.542856855474284,87.08571371094857,43.542856855474284,34.83428548437942,4172.131401035361,39.18857116992685,88.53714227279771,82.73142802540113,43.542856855474284,123.11452729212296,39.05204430675869,86.09509053677907
State-18-lo,"[('2013_Validation_GEO_State_R0013826.png', 'Rear'), ('2013_Validation_GEO_State_R0013828.png', 'SIGN')]",missed,0.23255813953488372,0.59069767052,1.0,0.9969530541823141,1.0,4808.86973570332,34.26046489016,86.24185989592,76.19999949708,41.93953460692,41.939534606920006,77.1687436767328,35.2292090698128,34.67001527505387,4808.869735703321,34.26046489016001,86.24185989592002,76.19999949708001,41.939534606920006,120.33799955201496,46.14341769729408,101.72890548619482
State-19-hi,"[('2013_Validation_GEO_State_R0013832.png', 'Rear'), ('2013_Validation_GEO_State_R0013834.png', 'SIGN')]",missed,0.23540705518924368,0.597933916234315,1.0,0.9801493200121056,1.0,4625.018842072427,41.85537413640205,87.8962856864443,81.91694652410116,40.06157238769911,40.061572387699115,66.91603299923369,26.85446061153457,21.13137884186327,4625.018842072427,41.85537413640205,87.8962856864443,81.91694652410116,40.06157238769911,96.12166301713584,40.31789899571607,88.88582469645866
State-19-lo,"[('2013_Validation_GEO_State_R0013839.png', 'Rear'), ('2013_Validation_GEO_State_R0013841.png', 'SIGN')]",missed,0.22727272727272727,0.5772727234627273,1.0,0.9870867768595042,1.0,4809.259059167981,43.29545425970455,90.05454486018546,82.54999945517,39.254545195465454,39.254545195465454,72.04363588814836,32.789090692682905,22.629090759738908,4809.259059167981,43.29545425970455,90.05454486018546,82.54999945517,39.254545195465454,97.20658804714759,40.449376512948845,89.17568324165515
State-17-hi,"[('2013_Validation_GEO_State_R0013845.png', 'Rear'), ('2013_Validation_GEO_State_R0013848.png', 'SIGN')]",missed,0.22727272727272727,0.5772727234627273,1.0,0.9968695216629101,1.0,4577.772697059428,45.02727243009273,88.32272668979728,83.12727217863272,38.09999974854,38.09999974854,86.03225749670322,47.932257748163224,34.41290299868129,4577.772697059428,45.02727243009273,88.32272668979728,83.12727217863272,38.09999974854,113.90300128057076,38.73071095076498,85.38667117313572
State-17-lo,"[('2013_Validation_GEO_State_R0013852.png', 'Rear'), ('2013_Validation_GEO_State_R0013854.png', 'SIGN')]",missed,0.21572972754559291,0.5479535043493129,1.0,0.9979467949111663,1.0,4535.959109003612,43.836280347945035,84.9327931741435,81.09711864369831,37.260838295753274,37.26083829575327,83.96808630028906,46.707248004535785,26.764827508217138,4535.959109003612,43.836280347945035,84.9327931741435,81.09711864369831,37.260838295753274,100.57128066547433,37.04269478593307,81.66522951448233
